grid_lat,grid_lon,grid_height,total_thput_sample_num,max_thput_50,med_thput_50,min_thput_50,max_thput_25,med_thput_25,min_thput_25,max_med_thput_gap,max_med_thput_gap_ratio,max_min_thput_gap,max_min_thput_gap_ratio,cell_duration_ratio_1,cell_duration_ratio_2,cell_duration_ratio_3,realized_throughput,realized_throughput_ratio,missed_throughput,missed_throughput_ratio,max_mean_rbs,mean_rbs,missed_rbs,utilized_rbs_ratio,missed_rbs_ratio
-86.92,40.46,60,11,34.89314285714286,23.280857142857144,11.668571428571427,33.788,22.014642857142857,10.241285714285716,11.612285714285719,0.498791158892039,23.224571428571437,1.9903525954946142,0.2727272727272727,0.2727272727272727,0.0,33.91,0.971824181582955,0.983142857142866,0.028175818417044942,85.75,62.36363636363637,23.386363636363633,0.7272727272727273,0.2727272727272727
-86.92,40.4605,60,37,6.0365714285714285,3.1658412698412697,0.2951111111111111,5.113142857142857,2.6454603174603175,0.1777777777777777,2.870730158730159,0.9067827203080503,5.741460317460318,19.4552495697074,0.38235294117647056,0.38235294117647056,0.38235294117647056,4.735,0.7843856493752367,1.3015714285714282,0.21561435062476328,68.71428571428571,39.0,29.714285714285708,0.5675675675675677,0.4324324324324324
-86.92,40.461,60,22,10.627,9.8995,9.172,8.860928571428571,8.192464285714285,7.524,0.7275000000000009,0.07348856002828436,1.455,0.15863497601395551,0.0,0.0,0.0,9.677,0.9106050625764561,0.9500000000000011,0.0893949374235439,68.46666666666667,46.68181818181818,21.78484848484849,0.6818181818181818,0.31818181818181823
-86.92,40.468,60,1,0.216,0.216,0.216,0.216,0.216,0.216,0.0,0.0,0.0,0.0,0.0,0.0,0.0,0.216,1.0,0.0,0.0,0.0,0.0,0.0,0.0,0.0
-86.9195,40.46,60,11,36.98133333333333,36.98133333333333,36.98133333333333,35.44325,35.44325,35.44325,0.0,0.0,0.0,0.0,0.0,0.0,0.0,35.484,0.959511104701471,1.49733333333333,0.0404888952985289,88.875,64.63636363636364,24.23863636363636,0.7272727272727273,0.2727272727272727
-86.9195,40.4605,60,39,44.6845,29.64689285714286,0.368,39.62642857142857,23.624982142857142,0.288,15.03760714285714,0.5072237153255038,44.3165,120.42527173913044,0.625,0.625,0.40625,5.425142857142857,0.12140994879975958,39.25935714285714,0.8785900512002404,90.0,42.23076923076923,47.76923076923077,0.4692307692307693,0.5307692307692308
-86.9195,40.461,60,37,42.19085714285715,0.848,0.3045714285714286,30.432,0.4737857142857142,0.1537142857142857,41.34285714285715,48.75336927223721,41.88628571428572,137.52532833020638,0.8529411764705882,0.8529411764705882,0.8529411764705882,1.839,0.04358764254950293,40.35185714285715,0.9564123574504971,69.0,22.783783783783782,46.21621621621622,0.33019976498237363,0.6698002350176263
-86.9195,40.4615,60,37,43.465,13.410821428571428,2.52,40.361,7.609214285714285,1.906428571428572,30.054178571428576,2.241039352548449,40.945,16.248015873015873,0.84375,0.5,0.5,3.304,0.07601518463131254,40.161,0.9239848153686874,89.6,48.54054054054054,41.059459459459454,0.5417471042471043,0.45825289575289574
-86.9195,40.462,60,39,37.5635,2.324,0.4771428571428571,30.992,1.7044642857142858,0.3679642857142857,35.2395,15.16329604130809,37.08635714285714,77.72589820359282,0.8235294117647058,0.8235294117647058,0.8235294117647058,1.999,0.05321655330307347,35.564499999999995,0.9467834466969265,70.66666666666667,28.846153846153847,41.820512820512825,0.40820029027576193,0.591799709724238
-86.9195,40.4625,60,27,37.103,2.7112499999999997,0.8886428571428571,35.5725,2.207,0.5406071428571428,34.39175,12.684831719686493,36.214357142857146,40.75243147656941,0.7777777777777778,0.7777777777777778,0.7777777777777778,3.318,0.08942673099210306,33.785000000000004,0.910573269007897,85.0,45.407407407407405,39.592592592592595,0.5342047930283224,0.4657952069716776
-86.9195,40.463,60,17,31.267,24.436,9.519214285714284,30.36,14.6865,8.797107142857142,6.8309999999999995,0.27954657063349153,21.747785714285715,2.2846198290675255,0.125,0.125,0.0,30.149,0.9642434515623501,1.1179999999999986,0.035756548437649874,88.42857142857143,63.35294117647059,25.075630252100844,0.7164306756628338,0.28356932433716625
-86.9195,40.468,60,29,21.704285714285717,13.645214285714284,0.2906666666666667,20.626285714285714,11.2735,0.2292857142857143,8.059071428571434,0.5906152340171598,21.41361904761905,73.67070773263434,0.5789473684210527,0.3684210526315789,0.3684210526315789,2.372444444444444,0.10930764899039759,19.331841269841274,0.8906923510096024,87.75,24.20689655172414,63.54310344827586,0.27586206896551724,0.7241379310344828
-86.9195,40.4685,60,6,17.153142857142857,3.649714285714286,0.2731428571428572,17.153142857142857,3.1942500000000003,0.2731428571428572,13.503428571428572,3.699859088774072,16.88,61.799163179916306,0.8333333333333334,0.8333333333333334,0.8333333333333334,3.6497142857142864,0.2127723365980412,13.503428571428572,0.7872276634019588,90.0,15.0,75.0,0.16666666666666666,0.8333333333333334
-86.919,40.46,60,11,54.05978571428572,34.02017857142857,13.98057142857143,34.56825,23.592378968253968,12.616507936507936,20.039607142857143,0.5890506159684641,40.079214285714286,2.8667794081582603,0.2727272727272727,0.2727272727272727,0.2727272727272727,36.054,0.6669282817832638,18.005785714285715,0.3330717182167362,75.5,54.90909090909091,20.590909090909093,0.7272727272727273,0.27272727272727276
-86.919,40.4605,60,136,18.954,2.5705,0.2911111111111111,17.896,2.048517857142857,0.2635555555555556,16.3835,6.373662711534721,18.66288888888889,64.10916030534352,0.7731958762886598,0.7731958762886598,0.7731958762886598,2.601,0.1372269705603039,16.353,0.8627730294396961,80.68181818181819,36.02205882352941,44.659759358288774,0.4464705882352941,0.5535294117647059
-86.919,40.461,60,33,2.748571428571428,0.369,0.252,1.6005714285714283,0.352,0.2096428571428571,2.3795714285714284,6.448703058459156,2.4965714285714284,9.90702947845805,0.4444444444444444,0.4444444444444444,0.4444444444444444,1.195,0.43477130977130984,1.5535714285714282,0.5652286902286902,35.266666666666666,24.393939393939394,10.872727272727271,0.691699604743083,0.30830039525691694
-86.919,40.4615,60,38,26.843,0.3648571428571429,0.2882857142857142,12.608,0.3399999999999999,0.1768928571428571,26.478142857142856,72.57126076742364,26.554714285714287,92.11248761149656,0.7878787878787878,0.7878787878787878,0.7878787878787878,0.7372857142857143,0.027466591449752796,26.105714285714285,0.9725334085502472,39.85714285714285,12.5,27.357142857142847,0.3136200716845879,0.6863799283154121
-86.919,40.462,60,36,46.072500000000005,0.4045714285714286,0.315,44.66575,0.217,0.1954285714285714,45.667928571428575,112.87976694915255,45.75750000000001,145.2619047619048,0.8181818181818182,0.8181818181818182,0.8181818181818182,0.36207142857142854,0.007858731967473623,45.71042857142858,0.9921412680325264,86.25,16.75,69.5,0.19420289855072465,0.8057971014492754
-86.919,40.4625,60,37,27.94971428571429,2.275,1.291,18.8425,2.164,1.2308571428571429,25.67471428571429,11.285588697017271,26.65871428571429,20.649662498616802,0.6153846153846154,0.6153846153846154,0.6153846153846154,1.753,0.06271978246647038,26.19671428571429,0.9372802175335296,82.6,42.189189189189186,40.41081081081081,0.510765002290426,0.48923499770957396
-86.919,40.463,60,18,40.124,20.2225,0.321,38.7845,19.5505,0.3165,19.901500000000002,0.984126591667697,39.803000000000004,123.9968847352025,0.16666666666666666,0.16666666666666666,0.16666666666666666,39.528,0.9851460472535141,0.5960000000000036,0.014853952746485984,85.13333333333334,70.94444444444444,14.188888888888897,0.8333333333333333,0.16666666666666674
-86.919,40.4665,60,14,37.23428571428572,29.28864285714286,21.343,27.711571428571432,20.519285714285715,13.327,7.9456428571428575,0.2712875053958019,15.891285714285718,0.7445666361001602,0.4166666666666667,0.0,0.0,27.711571428571432,0.7442487722529159,9.522714285714287,0.2557512277470841,74.42857142857143,62.07142857142857,12.357142857142861,0.8339731285988483,0.1660268714011517
-86.919,40.467,60,17,46.137142857142855,39.717321428571424,33.2975,31.021214285714287,30.769357142857142,30.5175,6.4198214285714315,0.1616378244468724,12.839642857142856,0.3856038098098312,0.5882352941176471,0.0,0.0,34.968,0.7579142927916771,11.169142857142852,0.2420857072083229,78.14285714285714,73.05882352941177,5.084033613445371,0.9349392407785785,0.06506075922142157
-86.919,40.4675,60,46,50.81485714285714,44.72285714285714,24.021,45.959,32.194964285714285,22.491,6.092000000000006,0.136216699674184,26.793857142857142,1.1154347089154133,0.30952380952380953,0.30952380952380953,0.0,43.55871428571429,0.8572043047027866,7.256142857142855,0.14279569529721337,71.88888888888889,67.34782608695652,4.5410628019323696,0.9368322021369532,0.06316779786304687
-86.919,40.468,60,72,16.405,10.01507142857143,3.6251428571428574,7.611000000000001,4.8225,2.034,6.389928571428571,0.6380312528974188,12.779857142857143,3.525338902900378,0.42424242424242425,0.42424242424242425,0.0,10.290642857142856,0.6272869769669525,6.114357142857145,0.3727130230330475,47.26315789473684,39.75,7.5131578947368425,0.8410356347438753,0.15896436525612473
-86.919,40.4685,60,46,33.46171428571428,20.277,9.741,29.643,18.392000000000003,8.2,13.184714285714279,0.6502300283924781,23.72071428571428,2.4351415959053773,0.6486486486486487,0.35135135135135137,0.0,17.954,0.5365535025103317,15.507714285714279,0.46344649748966826,78.61538461538461,42.82608695652174,35.78929765886287,0.5447545307581043,0.45524546924189563
-86.9185,40.46,60,16,36.02,24.9435,13.867,33.569,22.903750000000002,12.2385,11.076500000000003,0.4440635836991602,22.153000000000002,1.5975337131318958,0.4375,0.4375,0.0,31.4995,0.8745002776235424,4.520500000000002,0.12549972237645757,77.33333333333333,43.5,33.83333333333333,0.5625,0.43749999999999994
-86.9185,40.4605,60,28,54.13,1.9554285714285715,0.298,40.37825,1.512,0.258,52.17457142857143,26.681911163062537,53.832,180.64429530201343,0.8461538461538461,0.6923076923076923,0.6923076923076923,1.7862142857142858,0.03299860125095669,52.343785714285715,0.9670013987490433,85.5,36.32142857142857,49.17857142857143,0.4248120300751879,0.575187969924812
-86.9185,40.461,60,33,1.8491428571428568,1.842,0.3127142857142857,1.695,1.193,0.2790714285714285,0.007142857142856673,0.0038777726074140464,1.536428571428571,4.913202375513932,0.18181818181818182,0.18181818181818182,0.18181818181818182,1.369,0.7403430160692214,0.48014285714285676,0.2596569839307786,57.30769230769231,31.242424242424242,26.065268065268064,0.5451698189953224,0.45483018100467765
-86.9185,40.4615,60,25,1.881,1.3411428571428572,0.3245714285714285,1.8293333333333333,0.7545,0.2896785714285714,0.5398571428571428,0.4025351512569237,1.5564285714285715,4.795334507042255,0.17391304347826086,0.17391304347826086,0.17391304347826086,1.5142857142857142,0.8050429103060682,0.36671428571428577,0.19495708969393183,15.4,11.28,4.120000000000001,0.7324675324675324,0.26753246753246757
-86.9185,40.462,60,30,47.75,2.5795,0.2571428571428572,45.315,2.3696785714285715,0.2257142857142857,45.1705,17.511339406861794,47.49285714285714,184.6944444444444,0.8214285714285714,0.8214285714285714,0.8214285714285714,3.0225,0.06329842931937173,44.7275,0.9367015706806282,90.0,33.56666666666667,56.43333333333333,0.372962962962963,0.627037037037037
-86.9185,40.4625,60,36,44.603,3.0725,0.381,41.935,2.2902142857142858,0.3028571428571428,41.5305,13.51684296175753,44.222,116.06824146981627,0.8529411764705882,0.8529411764705882,0.8529411764705882,1.129,0.02531219873102706,43.474000000000004,0.974687801268973,86.8,25.52777777777778,61.27222222222222,0.2940988223246288,0.7059011776753712
-86.9185,40.463,60,7,42.069,42.069,42.069,41.6565,41.6565,41.6565,0.0,0.0,0.0,0.0,0.0,0.0,0.0,42.069,1.0,0.0,0.0,89.14285714285714,89.14285714285714,0.0,1.0,0.0
-86.9185,40.466,60,19,53.58857142857143,49.07507142857143,6.6226666666666665,39.66785714285714,34.54225,3.539333333333333,4.5135000000000005,0.09197133837226058,46.96590476190476,7.091690874054474,0.1111111111111111,0.1111111111111111,0.1111111111111111,39.55314285714285,0.7380891448069951,14.035428571428575,0.261910855193005,69.0,57.78947368421053,11.210526315789473,0.8375286041189931,0.16247139588100684
-86.9185,40.4665,60,38,63.56457142857143,18.816142857142857,14.6435,54.54514285714286,18.303214285714283,11.9535,44.748428571428576,2.378193496465801,48.92107142857144,3.3408045500441452,0.8055555555555556,0.8055555555555556,0.6666666666666666,15.679,0.24666256135493264,47.88557142857143,0.7533374386450673,90.0,37.81578947368421,52.18421052631579,0.42017543859649126,0.5798245614035088
-86.9185,40.467,60,89,30.548,25.918285714285716,14.837,23.724035714285712,19.408749999999998,14.714357142857144,4.629714285714282,0.17862733425932037,15.710999999999999,1.0589067870863382,0.16923076923076924,0.0,0.0,26.408,0.8644755794160012,4.139999999999997,0.13552442058399886,80.08333333333333,57.651685393258425,22.431647940074903,0.7198961755661822,0.28010382443381776
-86.9185,40.4675,60,116,41.694500000000005,35.489000000000004,22.57714285714286,29.786285714285714,27.28896428571429,19.432,6.205500000000001,0.1748569979430246,19.117357142857145,0.8467571500885851,0.23809523809523808,0.0,0.0,29.2035,0.7004161220304835,12.491000000000007,0.29958387796951647,83.14285714285714,71.4396551724138,11.703201970443345,0.8592398388434649,0.14076016115653509
-86.9185,40.468,60,168,46.597,45.649,44.701,42.02428571428571,37.815642857142855,33.607,0.9480000000000004,0.020767158097658226,1.8960000000000008,0.042415158497572776,0.0,0.0,0.0,41.429,0.8890915724188253,5.167999999999999,0.11090842758117474,73.75,71.88095238095238,1.8690476190476204,0.9746569814366425,0.025343018563357564
-86.9185,40.4685,60,56,53.3345,27.325249999999997,18.44971428571429,42.99607142857143,23.608874999999998,17.61925,26.00925,0.9518394159248316,34.88478571428571,1.8908035741939475,0.627906976744186,0.4883720930232558,0.4883720930232558,20.646,0.38710403209929783,32.6885,0.6128959679007021,89.0,56.714285714285715,32.285714285714285,0.637239165329053,0.362760834670947
-86.918,40.46,60,13,61.624,35.698,12.5315,61.4335,28.02425,11.268,25.926000000000002,0.7262591741834277,49.0925,3.9175278298687313,0.7692307692307693,0.7692307692307693,0.3076923076923077,30.977,0.5026775282357523,30.647000000000002,0.4973224717642477,88.66666666666667,49.46153846153846,39.20512820512821,0.557836899942163,0.44216310005783693
-86.918,40.4605,60,15,60.148,14.151,0.2528888888888889,57.444,13.317142857142857,0.2257777777777778,45.997,3.250441664900007,59.89511111111111,236.84358523725837,0.7857142857142857,0.7857142857142857,0.7857142857142857,13.570285714285712,0.2256149117890156,46.57771428571429,0.7743850882109844,83.33333333333333,16.666666666666668,66.66666666666666,0.20000000000000004,0.7999999999999999
-86.918,40.461,60,17,37.149,4.364357142857143,1.310857142857143,35.12825,3.933,0.9931428571428572,32.784642857142856,7.511906515441646,35.838142857142856,27.33947253705318,0.5294117647058824,0.5294117647058824,0.5294117647058824,5.176,0.13933080298258366,31.973,0.8606691970174163,75.75,61.88235294117647,13.867647058823529,0.8169287516986993,0.18307124830130073
-86.918,40.4615,60,8,45.235,40.4265,35.617999999999995,42.71175,37.798625,32.8855,4.808500000000002,0.11894425686121733,9.617000000000004,0.2700039305968894,0.0,0.0,0.0,41.382999999999996,0.9148446999005194,3.852000000000004,0.08515530009948058,69.75,69.0,0.75,0.989247311827957,0.010752688172043012
-86.918,40.462,60,3,48.949,24.242,0.1577142857142857,48.949,24.242,0.1577142857142857,24.706999999999997,1.0191815856777493,48.79128571428571,309.36503623188406,0.6666666666666666,0.6666666666666666,0.3333333333333333,24.242,0.49525015832805575,24.706999999999997,0.5047498416719443,61.0,21.333333333333332,39.66666666666667,0.34972677595628415,0.6502732240437159
-86.918,40.4625,60,12,43.184,20.488809523809525,0.2072380952380952,42.01,19.31729761904762,0.1582857142857142,22.695190476190472,1.1076871230520722,42.9767619047619,207.37867647058826,0.36363636363636365,0.36363636363636365,0.36363636363636365,37.6445,0.8717233234531309,5.539499999999997,0.12827667654686914,91.4,46.0,45.400000000000006,0.5032822757111597,0.4967177242888403
-86.918,40.463,60,9,42.557,0.3851428571428572,0.261,28.273,0.3851428571428572,0.261,42.17185714285714,109.49666172106824,42.296,162.0536398467433,0.4444444444444444,0.4444444444444444,0.4444444444444444,22.207,0.521817797307141,20.35,0.478182202692859,87.4,48.55555555555556,38.84444444444445,0.5555555555555556,0.4444444444444445
-86.918,40.4635,60,4,12.3875,12.3875,12.3875,12.2355,12.2355,12.2355,0.0,0.0,0.0,0.0,0.0,0.0,0.0,12.3875,1.0,0.0,0.0,0.0,0.0,0.0,0.0,0.0
-86.918,40.464,60,3,13.972,12.442,11.996,13.972,12.442,11.996,1.5299999999999994,0.12297058350747463,1.975999999999999,0.16472157385795258,0.0,0.0,0.0,12.442,0.8904952762668193,1.5299999999999994,0.10950472373318061,0.0,0.0,0.0,0.0,0.0
-86.918,40.466,60,18,43.722,41.09567857142857,38.46935714285714,37.5735,29.305910714285716,21.03832142857143,2.62632142857143,0.06390748418976973,5.25264285714286,0.13654095745964792,0.0,0.0,0.0,39.208,0.8967567814830062,4.514000000000003,0.10324321851699379,92.0,86.27777777777777,5.7222222222222285,0.9378019323671497,0.06219806763285031
-86.918,40.4665,60,19,49.675,35.9995,22.324,46.362,33.4495,20.537,13.6755,0.37988027611494607,27.350999999999996,1.2251836588425011,0.7222222222222222,0.7222222222222222,0.0,24.192,0.48700553598389534,25.482999999999997,0.5129944640161046,91.2,72.05263157894737,19.147368421052633,0.7900507848568791,0.20994921514312098
-86.918,40.467,60,40,53.1665,36.20014285714286,18.108,51.350750000000005,31.097464285714288,16.3855,16.96635714285714,0.4686820493999629,35.058499999999995,1.9360779765849345,0.6388888888888888,0.6388888888888888,0.6388888888888888,20.58457142857143,0.38717183618578294,32.58192857142857,0.612828163814217,84.28571428571429,53.975,30.31071428571429,0.6403813559322034,0.35961864406779664
-86.918,40.4675,60,42,49.80278571428571,42.05189285714286,34.301,40.73957142857142,34.36139285714285,27.983214285714286,7.750892857142851,0.18431733580873277,15.50178571428571,0.4519339294564505,0.7333333333333333,0.0,0.0,34.301,0.6887365738290602,15.50178571428571,0.3112634261709399,79.13636363636364,62.26190476190476,16.87445887445888,0.7867673203686988,0.2132326796313012
-86.918,40.468,60,31,49.672,39.89721428571429,0.2988571428571428,49.30514285714285,24.64832142857143,0.2643571428571428,9.774785714285706,0.24499920330993366,49.37314285714285,165.20650095602295,0.3448275862068966,0.13793103448275862,0.13793103448275862,41.265142857142855,0.8307525941605504,8.406857142857142,0.16924740583944964,92.0,58.25806451612903,33.74193548387097,0.6332398316970547,0.3667601683029453
-86.918,40.4685,60,49,51.87428571428572,20.342,20.132571428571428,44.618,18.47257142857143,17.5705,31.53228571428572,1.5501074483475432,31.74171428571429,1.5766348773841965,0.8214285714285714,0.8214285714285714,0.8214285714285714,19.733714285714285,0.38041418814716893,32.140571428571434,0.619585811852831,80.46666666666667,49.59183673469388,30.87482993197279,0.6163028591718377,0.38369714082816225
-86.9175,40.46,60,31,54.1365,24.918833333333332,12.9605,46.4045,17.512375,9.471428571428572,29.217666666666666,1.1725134269260868,41.176,3.1770379229196406,0.76,0.56,0.56,14.512,0.2680631367007472,39.6245,0.7319368632992528,79.2,25.903225806451612,53.29677419354839,0.3270609318996416,0.6729390681003584
-86.9175,40.4605,60,8,52.5915,4.403555555555555,0.2582857142857143,39.87717857142857,4.403555555555555,0.2582857142857143,48.18794444444445,10.942962757367786,52.33321428571429,202.61753318584073,0.5,0.5,0.5,14.777714285714287,0.28099054572914417,37.813785714285714,0.7190094542708558,63.5,31.75,31.75,0.5,0.5
-86.9175,40.461,60,11,23.437785714285717,16.514,0.4651428571428572,20.89439285714285,13.824,0.4470714285714285,6.923785714285717,0.4192676343881384,22.97264285714286,49.38835995085995,0.375,0.375,0.375,11.134,0.4750448756434207,12.303785714285716,0.5249551243565793,87.0,40.45454545454545,46.54545454545455,0.46499477533960293,0.5350052246603971
-86.9175,40.4615,60,28,37.046,17.22375,0.3289999999999999,30.836,15.459535714285714,0.2262857142857142,19.82225,1.1508672617751652,36.717,111.60182370820671,0.4782608695652174,0.4782608695652174,0.4782608695652174,2.922857142857143,0.07889804952915681,34.12314285714286,0.9211019504708433,92.0,37.25,54.75,0.4048913043478261,0.595108695652174
-86.9175,40.462,60,47,51.86277777777778,18.713,0.36,38.27188888888889,8.087,0.2158928571428571,33.14977777777778,1.771483876330774,51.50277777777778,143.06327160493828,0.8285714285714286,0.8285714285714286,0.6,8.087,0.15593071459942368,43.775777777777776,0.8440692854005762,85.0,40.0,45.0,0.47058823529411764,0.5294117647058824
-86.9175,40.4625,60,47,39.0795,0.576,0.3062857142857143,14.46175,0.39275,0.281,38.5035,66.84635416666667,38.77321428571429,126.591651119403,0.7368421052631579,0.7368421052631579,0.7368421052631579,0.846,0.021648178712624262,38.23350000000001,0.9783518212873759,85.0,22.06382978723404,62.93617021276596,0.25957446808510637,0.7404255319148936
-86.9175,40.463,60,14,44.36228571428572,0.4445714285714285,0.221,37.66338888888889,0.3582857142857143,0.1645,43.91771428571429,98.78663239074552,44.14128571428572,199.7343244990304,0.4166666666666667,0.4166666666666667,0.4166666666666667,6.297857142857142,0.14196421670917378,38.06442857142858,0.8580357832908263,87.57142857142857,43.785714285714285,43.785714285714285,0.5,0.5
-86.9175,40.4655,60,2,52.71142857142857,52.71142857142857,52.71142857142857,51.59685714285715,51.59685714285715,51.59685714285715,0.0,0.0,0.0,0.0,0.0,0.0,0.0,52.71142857142858,1.0000000000000002,0.0,0.0,92.0,92.0,0.0,1.0,0.0
-86.9175,40.466,60,29,32.211,21.87092857142857,11.530857142857142,22.688,14.857857142857142,7.027714285714286,10.340071428571427,0.47277697400005875,20.680142857142854,1.7934610238366617,0.8148148148148148,0.8148148148148148,0.0,22.688,0.7043556549004998,9.523,0.29564434509950016,92.0,78.44827586206897,13.551724137931032,0.8526986506746627,0.1473013493253373
-86.9175,40.4665,60,22,31.8135,18.353535714285716,4.893571428571429,31.365035714285717,16.52594642857143,1.6868571428571428,13.459964285714285,0.7333717325778022,26.91992857142857,5.5010801342869655,0.7272727272727273,0.7272727272727273,0.7272727272727273,6.1525,0.19339274207490528,25.661,0.8066072579250947,77.16666666666667,34.81818181818182,42.34848484848485,0.4512075397604555,0.5487924602395444
-86.9175,40.467,60,21,34.09,19.413285714285717,13.202428571428571,30.512,17.468999999999998,11.469642857142858,14.676714285714286,0.7560139227186095,20.887571428571434,1.5821006957594386,0.7619047619047619,0.5714285714285714,0.0,15.284,0.4483426224699325,18.806000000000004,0.5516573775300675,92.0,38.333333333333336,53.666666666666664,0.4166666666666667,0.5833333333333333
-86.9175,40.4675,60,33,33.333,23.61292857142857,12.880214285714285,32.24177777777778,20.194142857142857,9.612571428571428,9.72007142857143,0.41164192739449645,20.452785714285714,1.5879227830060503,0.18181818181818182,0.18181818181818182,0.0,23.142857142857142,0.6942926572122864,10.190142857142856,0.30570734278771355,92.0,63.121212121212125,28.878787878787875,0.6861001317523057,0.3138998682476943
-86.9175,40.468,60,20,38.552,30.977,14.085,36.96771428571429,30.493250000000003,13.2965,7.574999999999999,0.24453626884462662,24.467,1.7370962016329428,0.15789473684210525,0.15789473684210525,0.0,31.923499999999997,0.8280633948952064,6.6285000000000025,0.17193660510479358,92.0,66.75,25.25,0.7255434782608695,0.27445652173913043
-86.9175,40.4685,60,62,60.539,19.00542857142857,12.738285714285714,57.289142857142856,16.16225,11.771,41.533571428571435,2.1853530570213024,47.800714285714285,3.7525233267539924,0.75,0.75,0.75,14.9255,0.24654355043856024,45.6135,0.7534564495614398,84.0,52.016129032258064,31.983870967741936,0.6192396313364055,0.3807603686635945
-86.917,40.46,60,78,52.18311111111111,35.424,11.31,49.55155555555555,21.136,10.937,16.75911111111111,0.47310047174545816,40.87311111111111,3.613891344925827,0.55,0.3333333333333333,0.3333333333333333,22.421333333333333,0.42966647361428134,29.761777777777777,0.5703335263857187,83.58333333333333,32.47435897435897,51.10897435897436,0.38852672750977835,0.6114732724902217
-86.917,40.4605,60,56,50.56,31.127,0.2888888888888889,46.4415,26.918285714285716,0.2115555555555555,19.433000000000003,0.6243132971375335,50.27111111111111,174.0153846153846,0.6428571428571429,0.47619047619047616,0.30952380952380953,27.191000000000003,0.5377966772151899,23.369,0.4622033227848101,88.13333333333334,51.982142857142854,36.151190476190486,0.5898125135076723,0.4101874864923277
-86.917,40.461,60,40,49.664,18.04025,0.3262857142857143,48.034,14.197035714285713,0.2348571428571428,31.62375,1.7529551974058009,49.337714285714284,151.21015761821366,0.5517241379310345,0.3448275862068966,0.3448275862068966,0.5074285714285715,0.010217231222385862,49.15657142857143,0.9897827687776142,77.0,35.15,41.85,0.45649350649350645,0.5435064935064935
-86.917,40.4615,60,45,50.71271428571429,14.893,0.312,49.3425,10.059642857142858,0.26375,35.81971428571429,2.4051376005985556,50.400714285714294,161.54075091575095,0.5625,0.5625,0.40625,3.251428571428572,0.06411466270785855,47.46128571428572,0.9358853372921415,82.78571428571429,38.28888888888889,44.4968253968254,0.4625059917553446,0.5374940082446553
-86.917,40.462,60,112,51.856,36.112,20.368,48.040000000000006,31.90039285714286,15.760785714285715,15.744,0.4359769605671245,31.488000000000003,1.5459544383346429,0.7169811320754716,0.7169811320754716,0.7169811320754716,15.964,0.30785251465597036,35.892,0.6921474853440297,81.93333333333334,37.080357142857146,44.85297619047619,0.4525674183424387,0.5474325816575613
-86.917,40.4625,60,108,46.614,29.72978571428571,25.106,46.2355,26.53425,15.263,16.884214285714286,0.5679225019641198,21.507999999999996,0.8566876443877955,0.7321428571428571,0.44642857142857145,0.0,23.613999999999997,0.5065860042047453,23.0,0.4934139957952547,76.8125,48.53703703703704,28.275462962962962,0.6318898231021909,0.3681101768978091
-86.917,40.463,60,107,47.4585,39.29900000000001,30.447000000000003,39.022,33.941625,6.0315,8.159499999999994,0.20762614824804684,17.011499999999998,0.558724997536703,0.54,0.0,0.0,32.861,0.6924154787867294,14.597500000000004,0.3075845212132706,87.9090909090909,57.299065420560744,30.610025488530162,0.651799089582387,0.34820091041761303
-86.917,40.465,60,15,33.567499999999995,19.87085714285714,9.443111111111111,33.5055,19.32342857142857,7.172,13.696642857142855,0.6892829412779663,24.124388888888884,2.554707723443309,0.7333333333333333,0.26666666666666666,0.26666666666666666,19.87085714285714,0.5919671450914469,13.696642857142855,0.4080328549085531,92.0,48.333333333333336,43.666666666666664,0.5253623188405797,0.4746376811594203
-86.917,40.4655,60,34,48.8095,33.7035,12.536888888888887,46.132428571428576,31.468285714285713,10.043555555555557,15.106000000000002,0.44820270891747155,36.27261111111111,2.8932705260918894,0.75,0.25,0.25,34.80057142857143,0.7129876648720317,14.00892857142857,0.2870123351279683,92.0,62.38235294117647,29.61764705882353,0.67806905370844,0.3219309462915601
-86.917,40.466,60,20,61.681,13.532888888888888,7.712571428571429,43.88228571428572,13.531333333333333,6.926,48.148111111111106,3.5578590429899175,53.96842857142857,6.99746239905164,0.5263157894736842,0.5263157894736842,0.5263157894736842,12.527999999999999,0.2031095475105786,49.153,0.7968904524894214,74.77777777777777,48.2,26.57777777777777,0.6445765230312036,0.35542347696879634
-86.917,40.4665,60,27,59.05028571428572,12.468,11.545142857142856,46.65277777777778,11.91,8.665142857142857,46.58228571428572,3.7361473944727077,47.505142857142864,4.114729756483865,0.7407407407407407,0.7407407407407407,0.7407407407407407,12.993,0.2200328049700981,46.05728571428572,0.7799671950299019,78.28571428571429,69.81481481481481,8.470899470899482,0.891795079751284,0.108204920248716
-86.917,40.467,60,18,64.006,53.86628571428572,29.259,59.190285714285714,46.556,28.747,10.139714285714277,0.1882386014045359,34.747,1.1875662189411804,0.5555555555555556,0.16666666666666666,0.16666666666666666,58.91657142857143,0.9204851330902014,5.08942857142857,0.07951486690979861,90.66666666666669,81.11111111111111,9.555555555555571,0.8946078431372547,0.10539215686274525
-86.917,40.4675,60,26,66.16685714285714,60.41321428571429,38.755,53.15792857142857,52.24892857142857,16.606,5.75364285714285,0.09523815153969377,27.411857142857137,0.7073114989770903,0.4230769230769231,0.4230769230769231,0.0,43.56442857142858,0.6584025666712727,22.60242857142856,0.3415974333287272,77.0,74.5,2.5,0.9675324675324676,0.032467532467532464
-86.917,40.468,60,14,68.463,55.1335,41.804,47.172,43.0015,38.831,13.329499999999996,0.24176770928745675,26.658999999999992,0.6377140943450386,0.5833333333333334,0.5833333333333334,0.0,46.438857142857145,0.678305904544895,22.02414285714285,0.32169409545510497,75.0,75.64285714285714,0.0,1.0085714285714285,0.0
-86.917,40.4685,60,76,47.694,22.57125,12.953,44.48035714285714,18.705446428571427,12.688,25.122750000000003,1.1130420335603923,34.741,2.6820813711109395,0.7368421052631579,0.7368421052631579,0.23684210526315788,21.49092857142857,0.45060025519831776,26.203071428571434,0.5493997448016822,92.0,54.4078947368421,37.5921052631579,0.5913901601830663,0.40860983981693366
-86.917,40.469,60,8,50.341,4.531,0.1177142857142857,47.6215,4.531,0.1177142857142857,45.81,10.110350915912603,50.223285714285716,426.6541262135923,0.625,0.625,0.625,11.497499999999999,0.22839236407699487,38.843500000000006,0.7716076359230052,92.0,34.5,57.5,0.375,0.625
-86.9165,40.46,60,118,57.39,51.564,31.4235,55.62,38.75867857142857,27.09103571428572,5.8260000000000005,0.11298580404933675,25.9665,0.8263401594348179,0.3584905660377358,0.3584905660377358,0.0,41.57022222222222,0.7243460920408124,15.81977777777778,0.27565390795918765,79.0,50.09322033898305,28.906779661016948,0.634091396695988,0.365908603304012
-86.9165,40.4605,60,40,60.70428571428572,48.13514285714286,35.566,45.063,38.682500000000005,32.302,12.569142857142857,0.26112196019540224,25.138285714285715,0.7068066612575413,0.8918918918918919,0.8918918918918919,0.0,35.504000000000005,0.5848680959216813,25.200285714285712,0.41513190407831874,70.39393939393939,64.275,6.118939393939385,0.9130757640981491,0.08692423590185093
-86.9165,40.461,60,14,20.783,10.46575,0.1485,19.925392857142857,10.031071428571428,0.1367499999999999,10.317250000000001,0.9858108592313023,20.634500000000003,138.95286195286198,0.16666666666666666,0.16666666666666666,0.16666666666666666,19.963928571428575,0.9605893553110029,0.8190714285714265,0.03941064468899708,82.5,58.92857142857143,23.57142857142857,0.7142857142857143,0.2857142857142857
-86.9165,40.4615,60,49,22.486,11.487,0.488,20.473,10.3415,0.21,10.999,0.9575171933490033,21.998,45.07786885245902,0.22727272727272727,0.22727272727272727,0.22727272727272727,2.198,0.0977497109312461,20.288,0.9022502890687539,80.17647058823529,35.38775510204081,44.78871548619448,0.44137332115531464,0.5586266788446853
-86.9165,40.462,60,56,0.6182857142857143,0.5437142857142857,0.365,0.3167857142857143,0.3099999999999999,0.2968333333333333,0.07457142857142862,0.137151865475565,0.25328571428571434,0.6939334637964777,0.3333333333333333,0.0,0.0,1.5665714285714285,2.533733826247689,0.0,0.0,0.4285714285714285,23.071428571428573,0.0,53.83333333333335,0.0
-86.9165,40.4625,60,62,41.343,20.869500000000002,0.396,27.8565,14.118,0.3795,20.4735,0.9810249407029397,40.947,103.40151515151516,0.5,0.5,0.5,0.4477857142857143,0.010830992290973424,40.89521428571429,0.9891690077090266,70.57142857142857,25.451612903225808,45.11981566820276,0.3606503852683819,0.6393496147316181
-86.9165,40.463,60,163,40.221714285714285,24.682305555555555,14.721142857142857,36.53565079365079,20.139583333333334,12.045,15.53940873015873,0.629576872192196,25.500571428571426,1.7322412856144709,0.5483870967741935,0.23387096774193547,0.0,22.093,0.549280417116554,18.128714285714285,0.45071958288344605,80.94444444444444,49.50306748466258,31.441376959781863,0.6115684383829283,0.38843156161707176
-86.9165,40.4635,60,16,37.798785714285714,23.072,4.22,28.10667857142857,21.597,3.166857142857143,14.726785714285715,0.6382968842876957,33.578785714285715,7.957058226134056,0.75,0.5625,0.5625,6.251222222222222,0.16538156197593482,31.547563492063492,0.8346184380240652,80.75,35.5,45.25,0.43962848297213625,0.5603715170278638
-86.9165,40.464,60,15,11.057,10.9925,10.928,10.680666666666667,9.575779761904762,8.470892857142857,0.06450000000000067,0.005867637025244545,0.12899999999999956,0.011804538799414307,0.0,0.0,0.0,11.129,1.0065117120376232,0.0,0.0,17.833333333333332,9.0,8.833333333333332,0.5046728971962617,0.49532710280373826
-86.9165,40.4645,60,26,33.709,21.2905,8.872,24.894,16.783,8.672,12.418500000000002,0.5832883210821729,24.837000000000003,2.799481514878269,0.6538461538461539,0.6538461538461539,0.0,10.264928571428573,0.3045159622483186,23.44407142857143,0.6954840377516814,67.22222222222223,25.307692307692307,41.91452991452992,0.3764780673871582,0.6235219326128417
-86.9165,40.465,60,74,49.01371428571428,41.837,5.634,39.960142857142856,33.211642857142856,4.825,7.176714285714276,0.17153988779583323,43.37971428571428,7.699629798671331,0.37037037037037035,0.37037037037037035,0.16666666666666666,34.54007142857142,0.7047021824795392,14.473642857142856,0.29529781752046075,74.06666666666666,56.54054054054054,17.526126126126123,0.7633736346607634,0.2366263653392366
-86.9165,40.4655,60,20,46.346714285714285,32.273250000000004,25.493714285714287,45.874857142857145,31.431874999999998,13.182357142857144,14.07346428571428,0.4360721119104608,20.852999999999998,0.8179663334379341,0.47368421052631576,0.47368421052631576,0.0,37.852000000000004,0.8167137753639495,8.49471428571428,0.18328622463605054,90.0,77.25,12.75,0.8583333333333333,0.14166666666666666
-86.9165,40.466,60,13,44.246857142857145,30.398857142857143,16.55085714285714,25.9265,15.837392857142857,5.748285714285714,13.848000000000003,0.4555434414827626,27.696000000000005,1.6733876536390007,0.46153846153846156,0.46153846153846156,0.0,20.731,0.46853045252608744,23.515857142857143,0.5314695474739126,71.57142857142857,64.07692307692308,7.494505494505489,0.8952863503761708,0.10471364962382919
-86.9165,40.4665,60,12,58.9425,44.89257142857143,36.99428571428572,55.10325,31.876,12.659,14.049928571428573,0.31296778340673614,21.94821428571428,0.5932866079703426,0.8333333333333334,0.4166666666666667,0.0,40.742000000000004,0.691216015608432,18.200499999999998,0.308783984391568,87.4,78.25,9.150000000000006,0.8953089244851258,0.1046910755148742
-86.9165,40.467,60,16,57.05242857142858,51.071,38.4,56.71921428571429,47.038,30.6605,5.98142857142858,0.11711986394291438,18.65242857142858,0.48574032738095263,0.5,0.0,0.0,39.2795,0.6884807708198223,17.77292857142858,0.3115192291801777,92.0,76.875,15.125,0.8355978260869565,0.1644021739130435
-86.9165,40.4675,60,8,29.595,2.1085714285714285,0.1211428571428571,26.51075,2.1085714285714285,0.1211428571428571,27.48642857142857,13.035569105691057,29.473857142857142,243.29834905660385,0.25,0.25,0.25,27.238500000000002,0.9203750633552966,2.356499999999997,0.0796249366447034,64.5,48.375,16.125,0.75,0.25
-86.9165,40.468,60,4,30.868642857142856,30.868642857142856,30.868642857142856,30.47675,30.47675,30.47675,0.0,0.0,0.0,0.0,0.0,0.0,0.0,30.868642857142856,1.0,0.0,0.0,74.75,74.75,0.0,1.0,0.0
-86.9165,40.4685,60,52,59.3385,31.468,17.549714285714288,26.27082142857143,20.67542857142857,14.813714285714289,27.870500000000003,0.8856775136646753,41.788785714285716,2.3811661565511852,0.7333333333333333,0.7333333333333333,0.3,20.918214285714285,0.35252347608575013,38.42028571428572,0.6474765239142499,75.125,47.67307692307692,27.45192307692308,0.6345833866632535,0.36541661333674647
-86.9165,40.469,60,15,54.299857142857135,6.9475,6.0795,48.502178571428566,6.45575,3.6395,47.35235714285714,6.815740502750218,48.22035714285713,7.931632065606897,0.5714285714285714,0.5714285714285714,0.5714285714285714,10.4,0.1915290490109156,43.89985714285714,0.8084709509890844,69.5,27.8,41.7,0.4,0.6000000000000001
-86.916,40.46,60,19,31.5895,17.18132142857143,2.773142857142857,21.66,11.953714285714286,2.2474285714285718,14.408178571428572,0.8385954847145051,28.816357142857143,10.391227076035442,0.4444444444444444,0.4444444444444444,0.4444444444444444,12.304,0.38949650991626966,19.2855,0.6105034900837303,81.6,43.10526315789474,38.494736842105254,0.5282507739938082,0.4717492260061919
-86.916,40.4605,60,33,62.982,49.035,35.088,61.37475,46.410875,31.447,13.947000000000003,0.28442948914041,27.894,0.7949726402188781,0.8620689655172413,0.8620689655172413,0.0,35.088,0.557111555682576,27.894,0.442888444317424,91.25,63.84848484848485,27.40151515151515,0.6997094229970943,0.30029057700290573
-86.916,40.461,60,22,39.111,30.572,22.033,36.68588888888889,28.695694444444445,20.7055,8.538999999999998,0.27930786340442226,17.077999999999996,0.7751100621794579,0.5555555555555556,0.0,0.0,23.24822222222222,0.5944164614104017,15.862777777777776,0.4055835385895982,79.2,64.77272727272727,14.427272727272737,0.8178374655647381,0.1821625344352618
-86.916,40.4615,60,32,33.7535,8.916607142857142,0.333,31.9645,8.149035714285715,0.1691428571428571,24.83689285714286,2.785464522460097,33.420500000000004,100.36186186186187,0.6153846153846154,0.38461538461538464,0.38461538461538464,15.676,0.46442591138696726,18.0775,0.5355740886130327,80.16666666666667,42.4375,37.72916666666667,0.5293659043659044,0.47063409563409564
-86.916,40.462,60,40,34.162,23.06825,0.1895,30.752,20.367660714285712,0.16375,11.09375,0.48090990864066413,33.9725,179.2744063324538,0.6285714285714286,0.11428571428571428,0.11428571428571428,17.285785714285716,0.5059945469903904,16.876214285714283,0.49400545300960963,72.75,51.175,21.575000000000003,0.7034364261168384,0.29656357388316157
-86.916,40.4625,60,42,46.536,46.536,46.536,42.86288888888889,42.86288888888889,42.86288888888889,0.0,0.0,0.0,0.0,0.0,0.0,0.0,17.163333333333334,0.3688184058220159,29.372666666666667,0.631181594177984,77.22222222222223,45.476190476190474,31.746031746031754,0.5889003083247687,0.4110996916752313
-86.916,40.463,60,72,25.4235,22.238861111111113,19.054222222222226,21.82275,18.326875,14.831,3.1846388888888875,0.14320152785601772,6.369277777777775,0.33427120264974786,0.0,0.0,0.0,18.988,0.7468680551458297,6.435500000000001,0.2531319448541704,76.94444444444444,39.02777777777778,37.916666666666664,0.5072202166064982,0.49277978339350176
-86.916,40.4635,60,5,72.465,60.31575,48.1665,72.465,58.9425,45.42,12.149250000000002,0.20142748784521458,24.298500000000004,0.5044688735947184,0.8,0.8,0.0,49.298,0.680300834885807,23.167,0.31969916511419305,92.0,71.4,20.599999999999994,0.7760869565217392,0.2239130434782608
-86.916,40.4645,60,1,45.82971428571428,45.82971428571428,45.82971428571428,45.82971428571428,45.82971428571428,45.82971428571428,0.0,0.0,0.0,0.0,0.0,0.0,0.0,45.82971428571428,1.0,0.0,0.0,69.0,69.0,0.0,1.0,0.0
-86.916,40.465,60,25,54.59307142857143,51.562,27.306,47.63267857142857,46.8925,26.212,3.0310714285714297,0.05878498562063981,27.287071428571426,0.9993067980872857,0.2,0.2,0.0,51.404,0.9415846856547732,3.189071428571424,0.05841531434522687,74.2,68.12,6.079999999999998,0.9180592991913746,0.08194070080862531
-86.916,40.4655,60,8,54.81928571428571,32.46860714285714,10.117928571428571,46.11175,27.337071428571427,8.562392857142857,22.350678571428574,0.6883781146844041,44.70135714285714,4.418034464987893,0.25,0.25,0.25,48.8565,0.891228321628207,5.962785714285715,0.10877167837179305,72.0,54.75,17.25,0.7604166666666666,0.23958333333333334
-86.916,40.466,60,8,54.45828571428572,28.408,26.55085714285714,40.67142857142857,26.55085714285714,23.153,26.05028571428572,0.9170052701452309,27.907428571428582,1.0510933195592291,0.5,0.5,0.0,37.480000000000004,0.6882331955258022,16.978285714285718,0.31176680447419786,92.0,69.5,22.5,0.7554347826086957,0.24456521739130435
-86.916,40.4665,60,7,65.324,59.521,53.718,64.394,58.774875,53.15575,5.802999999999997,0.09749500176408321,11.605999999999995,0.21605420901746145,0.5714285714285714,0.0,0.0,54.313,0.8314402057436777,11.010999999999996,0.16855979425632228,92.0,92.0,0.0,1.0,0.0
-86.916,40.467,60,5,22.98,22.98,22.98,19.757,19.757,19.757,0.0,0.0,0.0,0.0,0.0,0.0,0.0,22.98,1.0,0.0,0.0,57.4,57.4,0.0,1.0,0.0
-86.916,40.4675,60,7,15.735,15.735,15.735,13.738,13.738,13.738,0.0,0.0,0.0,0.0,0.0,0.0,0.0,15.735,1.0,0.0,0.0,23.714285714285715,23.714285714285715,0.0,1.0,0.0
-86.916,40.468,60,9,57.293,39.77875,22.2645,56.21,39.100625,21.99125,17.514249999999997,0.4402916129843194,35.028499999999994,1.573289317074266,0.6666666666666666,0.6666666666666666,0.6666666666666666,24.573714285714285,0.4289130310110185,32.71928571428572,0.5710869689889815,39.0,15.0,24.0,0.38461538461538464,0.6153846153846154
-86.916,40.4685,60,43,50.91735714285714,42.31982142857143,33.72228571428572,47.802,39.413,31.024,8.597535714285712,0.20315623800059912,17.195071428571424,0.5099023113159588,0.6,0.0,0.0,30.419,0.5974190670315904,20.49835714285714,0.4025809329684096,73.0,42.74418604651163,30.25581395348837,0.5855367951576935,0.4144632048423065
-86.916,40.469,60,11,54.019,14.66057142857143,6.047,50.221,9.521142857142856,5.7295,39.35842857142857,2.6846449173682565,47.972,7.933190011575989,0.5454545454545454,0.5454545454545454,0.5454545454545454,14.66057142857143,0.27139657210558193,39.35842857142857,0.7286034278944181,72.6,33.0,39.599999999999994,0.4545454545454546,0.5454545454545454
-86.9155,40.46,60,11,13.950714285714284,13.635857142857141,13.321,12.7525,12.2995,11.8465,0.31485714285714295,0.023090381452263473,0.6297142857142841,0.047272298304502976,0.0,0.0,0.0,13.642,0.9778710767497825,0.3087142857142844,0.02212892325021751,68.28571428571429,43.45454545454545,24.83116883116884,0.6363636363636362,0.3636363636363637
-86.9155,40.4605,60,45,66.432,35.507999999999996,9.232,55.504,29.512,2.048,30.924000000000007,0.8709023318688749,57.2,6.1958405545927215,0.8809523809523809,0.7619047619047619,0.5952380952380952,31.472,0.473747591522158,34.96,0.526252408477842,250.4,126.42222222222222,123.97777777777779,0.5048810791622292,0.4951189208377707
-86.9155,40.461,60,92,60.0,35.852000000000004,14.28,51.46,34.04,12.572,24.147999999999996,0.673546803525605,45.72,3.2016806722689077,0.8035714285714286,0.8035714285714286,0.21428571428571427,33.995999999999995,0.5665999999999999,26.004000000000005,0.43340000000000006,240.84615384615384,126.67391304347827,114.17224080267557,0.525953647258134,0.474046352741866
-86.9155,40.4615,60,160,64.76,55.112,36.904,53.744,41.656000000000006,33.352,9.648000000000003,0.17506169255334597,27.856,0.7548233253847821,0.43137254901960786,0.43137254901960786,0.0,41.812,0.6456454601605929,22.948000000000008,0.3543545398394071,222.83333333333331,107.13125,115.70208333333332,0.48076851159311895,0.519231488406881
-86.9155,40.462,60,211,65.71600000000001,61.78,35.36,62.018,52.226,30.582,3.936000000000007,0.06370993849142129,30.35600000000001,0.8584841628959279,0.2903225806451613,0.2903225806451613,0.2903225806451613,36.208,0.5509769310365815,29.50800000000001,0.4490230689634184,220.07142857142856,107.79620853080569,112.27522004062287,0.48982373236977594,0.5101762676302241
-86.9155,40.4625,60,160,62.956,61.704,38.164,58.972,55.256,33.878,1.2520000000000024,0.020290418773499325,24.792,0.6496174405198617,0.17475728155339806,0.17475728155339806,0.0,53.788,0.85437448376644,9.168000000000006,0.14562551623356004,210.3617021276596,144.75,65.61170212765961,0.688100536057449,0.31189946394255097
-86.9155,40.463,60,154,62.232,37.616,11.688,57.14,33.24,10.664,24.616,0.6544023819651212,50.544,4.324435318275153,0.7552447552447552,0.5384615384615384,0.13286713286713286,43.16,0.6935338732484895,19.072000000000003,0.3064661267515105,216.8709677419355,157.87662337662337,58.99434436531212,0.7279749107058343,0.27202508929416563
-86.9155,40.4635,60,195,57.8,47.936,12.748,52.008,40.16,11.032,9.863999999999997,0.20577436582109473,45.052,3.534044556008786,0.33774834437086093,0.15894039735099338,0.15894039735099338,47.352,0.8192387543252595,10.448,0.1807612456747405,210.73015873015876,159.34358974358975,51.38656898656902,0.7561499061348412,0.24385009386515874
-86.9155,40.464,60,316,57.768,54.616,50.248,47.904,47.252,45.224,3.152000000000001,0.05771202577999123,7.520000000000003,0.14965769781881874,0.0,0.0,0.0,51.504,0.891566265060241,6.264000000000003,0.10843373493975908,222.7297297297297,176.59177215189874,46.137957577830974,0.7928522715229043,0.20714772847709575
-86.9155,40.4645,60,205,57.684,54.448,52.82,54.028,46.876,42.232,3.235999999999997,0.05943285336467817,4.863999999999997,0.09208633093525175,0.0,0.0,0.0,49.92,0.8654046182650302,7.763999999999996,0.13459538173496977,216.19444444444449,167.57560975609755,48.618834688346936,0.7751152449209188,0.22488475507908126
-86.9155,40.465,60,192,57.748000000000005,50.704,38.48,55.588,45.583,25.964,7.044000000000004,0.13892395077311462,19.268000000000008,0.500727650727651,0.3284671532846715,0.0,0.0,49.46,0.8564798780910161,8.288000000000004,0.14352012190898392,242.72727272727272,165.76041666666666,76.96685606060606,0.6829080836454432,0.3170919163545568
-86.9155,40.4655,60,186,56.752,46.584,10.352,52.096,33.6,8.732,10.168,0.2182723681950884,46.400000000000006,4.482225656877898,0.38016528925619836,0.19008264462809918,0.19008264462809918,42.896,0.7558500140964195,13.856000000000002,0.2441499859035805,219.90666666666667,153.7688172043011,66.13784946236558,0.6992458188517906,0.30075418114820945
-86.9155,40.466,60,155,70.672,48.558,19.904,58.498000000000005,35.833,18.72,22.113999999999997,0.45541414391037516,50.768,2.5506430868167205,0.7692307692307693,0.5096153846153846,0.5096153846153846,36.608,0.5179986416119537,34.064,0.4820013583880462,210.16666666666663,121.27741935483871,88.88924731182792,0.5770535417359496,0.4229464582640504
-86.9155,40.4665,60,163,71.04,40.416,9.144,66.956,35.854,8.564,30.62400000000001,0.7577197149643708,61.89600000000001,6.769028871391077,0.4049586776859504,0.4049586776859504,0.4049586776859504,21.576,0.3037162162162162,49.464000000000006,0.6962837837837837,223.51111111111112,117.12883435582822,106.3822767552829,0.5240403207409295,0.47595967925907046
-86.9155,40.467,60,148,61.928,20.156,8.984,54.766,19.748,5.2700000000000005,41.772,2.0724350069458226,52.943999999999996,5.893143365983971,0.751937984496124,0.751937984496124,0.5658914728682171,20.896,0.3374241054127374,41.032,0.6625758945872626,213.21875,96.0,117.21875,0.45024182910743077,0.5497581708925693
-86.9155,40.4675,60,144,62.552,23.344,8.992,49.896,21.632,7.1080000000000005,39.208,1.6795750514050718,53.56,5.9564056939501775,0.8717948717948718,0.8717948717948718,0.6153846153846154,20.852,0.3333546489320885,41.7,0.6666453510679116,159.13333333333333,71.04861111111111,88.08472222222221,0.4464722105851138,0.5535277894148861
-86.9155,40.468,60,154,69.36,23.288,7.964,62.508,21.168,6.098,46.072,1.9783579525936106,61.396,7.709191361125063,0.703125,0.703125,0.703125,19.116,0.27560553633217993,50.244,0.7243944636678201,223.1,80.96103896103897,142.13896103896104,0.362891254867947,0.6371087451320531
-86.9155,40.4685,60,147,32.68,24.416,16.152,14.072,10.806999999999999,7.542,8.264,0.3384665792922673,16.528,1.0232788509162951,0.5918367346938775,0.0,0.0,21.088,0.6452876376988984,11.591999999999999,0.35471236230110154,125.85,77.80952380952381,48.040476190476184,0.618271941275517,0.381728058724483
-86.9155,40.469,60,5,49.153,49.153,49.153,45.646,45.646,45.646,0.0,0.0,0.0,0.0,0.0,0.0,0.0,49.153,1.0,0.0,0.0,83.6,83.6,0.0,1.0,0.0
-86.915,40.46,60,20,37.547,22.516,7.485,30.2985,16.45375,2.609,15.030999999999999,0.6675697281932848,30.061999999999998,4.01629926519706,0.45,0.45,0.45,15.5925,0.41527951633952115,21.954499999999996,0.5847204836604788,77.72727272727273,42.75,34.977272727272734,0.5499999999999999,0.45000000000000007
-86.915,40.4605,60,282,62.668,61.488,28.768,47.408,43.704,23.468,1.1799999999999997,0.019190736403851154,33.9,1.1783926585094548,0.5222929936305732,0.5222929936305732,0.5222929936305732,36.364000000000004,0.580264249696815,26.303999999999995,0.41973575030318494,200.725,156.95035460992906,43.77464539007093,0.7819173227546597,0.2180826772453403
-86.915,40.461,60,225,62.752,62.52,28.764000000000003,57.272,46.592,23.606,0.23199999999999932,0.003710812539987193,33.988,1.1816159087748572,0.5370370370370371,0.5370370370370371,0.5370370370370371,32.64,0.5201427842937277,30.112000000000002,0.4798572157062723,210.56,137.13333333333333,73.42666666666668,0.6512791286727456,0.3487208713272543
-86.915,40.4615,60,155,61.792,34.971999999999994,21.2,56.032,28.906,19.944,26.820000000000007,0.7668992336726528,40.592,1.9147169811320754,0.7767857142857143,0.7767857142857143,0.16964285714285715,32.68,0.5288710512687727,29.112000000000002,0.47112894873122735,211.28,134.03870967741935,77.24129032258065,0.6344126735962673,0.36558732640373276
-86.915,40.462,60,113,52.052,37.816,35.68,47.44,33.584,28.616,14.235999999999997,0.376454410831394,16.372,0.45885650224215246,0.8461538461538461,0.0,0.0,34.224,0.657496349804042,17.828000000000003,0.34250365019595796,171.48717948717947,123.77876106194691,47.708418425232566,0.721796004996401,0.278203995003599
-86.915,40.4625,60,654,47.48,28.776,26.008,36.184,27.74,17.584,18.703999999999997,0.6499860995273838,21.471999999999998,0.8255921254998462,0.7952522255192879,0.32344213649851633,0.0,28.784,0.6062342038753159,18.695999999999998,0.39376579612468404,164.2012578616352,124.23853211009174,39.96272575154347,0.7566235102460773,0.24337648975392265
-86.915,40.463,60,234,66.668,40.084,28.008,57.808,35.996,23.8,26.584000000000003,0.6632072647440376,38.66000000000001,1.380319908597544,0.8321678321678322,0.6573426573426573,0.6573426573426573,29.976,0.44963100737985234,36.69200000000001,0.5503689926201476,221.21052631578948,144.45726495726495,76.75326135852453,0.6530307004967961,0.3469692995032039
-86.915,40.4635,60,171,33.832,29.064,28.568,32.702,26.22,23.984,4.768000000000001,0.1640517478667768,5.263999999999999,0.18426211145337437,0.0,0.0,0.0,29.064,0.8590683376684796,4.768000000000001,0.14093166233152046,213.8181818181818,129.30994152046785,84.50824029771397,0.6047658829613718,0.39523411703862826
-86.915,40.464,60,183,38.088,32.808,10.864,33.548,24.822000000000003,10.756,5.280000000000001,0.16093635698610098,27.224,2.5058910162002945,0.14393939393939395,0.14393939393939395,0.0,29.048,0.762654904431842,9.040000000000003,0.23734509556815803,218.5686274509804,122.6775956284153,95.89103182256508,0.5612772384542192,0.4387227615457809
-86.915,40.4645,60,169,37.8,27.840000000000003,10.84,33.5,24.804,10.766,9.959999999999994,0.3577586206896549,26.959999999999997,2.487084870848708,0.2875816993464052,0.11764705882352941,0.0,27.96,0.7396825396825397,9.839999999999996,0.2603174603174602,213.5897435897436,117.72189349112426,95.86785009861933,0.551158925108505,0.44884107489149505
-86.915,40.465,60,184,40.296,35.144,10.832,33.742,28.354,10.712,5.152000000000001,0.1465968586387435,29.464,2.7200886262924664,0.12258064516129032,0.12258064516129032,0.0,33.108,0.8216200119118522,7.188000000000002,0.17837998808814776,213.23684210526315,130.0163043478261,83.22053775743706,0.6097272078510911,0.3902727921489088
-86.915,40.4655,60,223,38.664,33.72,27.028,33.136,30.032,23.592,4.944000000000003,0.1466192170818506,11.636000000000003,0.4305165014059495,0.2441860465116279,0.0,0.0,31.632,0.8181253879577902,7.032,0.1818746120422098,228.4,117.68161434977578,110.71838565022422,0.5152434954018205,0.4847565045981796
-86.915,40.466,60,213,62.92,34.68,7.116,60.592,25.428,5.869999999999999,28.240000000000002,0.8143021914648213,55.804,7.84204609331085,0.8435754189944135,0.8435754189944135,0.4022346368715084,28.904,0.4593769866497139,34.016000000000005,0.5406230133502862,221.0,133.1455399061033,87.8544600938967,0.6024685063624583,0.39753149363754164
-86.915,40.4665,60,170,38.904,32.352000000000004,7.144,35.72,25.128,6.22,6.552,0.2025222551928783,31.760000000000005,4.445688689809631,0.3252032520325203,0.15447154471544716,0.15447154471544716,26.856,0.690314620604565,12.048000000000002,0.30968537939543495,184.48,108.31764705882352,76.16235294117647,0.5871511657568491,0.41284883424315083
-86.915,40.467,60,161,39.072,29.915999999999997,17.52,35.971999999999994,21.874000000000002,16.232,9.156000000000006,0.3060569594865626,21.552000000000003,1.23013698630137,0.3620689655172414,0.21551724137931033,0.0,22.912,0.5864045864045864,16.160000000000004,0.4135954135954137,178.7741935483871,100.11801242236025,78.65618112602685,0.560024970244166,0.439975029755834
-86.915,40.4675,60,156,60.616,31.794000000000004,17.308,58.036,27.180999999999997,16.156,28.821999999999996,0.9065232433792537,43.308,2.5021955165241505,0.7983193277310925,0.7983193277310925,0.6554621848739496,25.235999999999997,0.4163257225814966,35.38,0.5836742774185034,219.08333333333331,107.6923076923077,111.39102564102562,0.4915586505544665,0.5084413494455335
-86.915,40.468,60,146,36.584,27.86,15.816,33.56,23.938,14.196,8.724000000000004,0.3131371141421394,20.768,1.3131006575619626,0.514018691588785,0.29906542056074764,0.0,24.164,0.6605073256068227,12.420000000000002,0.3394926743931774,151.52631578947367,104.43835616438356,47.08795962509011,0.6892423644054491,0.31075763559455094
-86.915,40.4685,60,126,58.092,34.764,17.28,48.09,27.732,12.976,23.327999999999996,0.6710390058681392,40.812,2.3618055555555553,0.5909090909090909,0.36363636363636365,0.18181818181818182,26.28,0.45238587068787445,31.811999999999998,0.5476141293121256,226.97222222222223,138.64285714285714,88.32936507936509,0.6108362326695456,0.38916376733045444
-86.915,40.469,60,5,51.728,51.728,51.728,45.949,45.949,45.949,0.0,0.0,0.0,0.0,0.0,0.0,0.0,51.728,1.0,0.0,0.0,73.2,73.2,0.0,1.0,0.0
-86.9145,40.46,60,13,36.6065,23.005499999999998,9.4045,24.3025,16.841375,9.38025,13.600999999999999,0.5912064506313708,27.201999999999998,2.8924451060662446,0.2,0.2,0.0,19.636,0.5364074686189612,16.970499999999998,0.46359253138103884,59.875,42.23076923076923,17.644230769230766,0.7053155612654569,0.2946844387345431
-86.9145,40.4685,60,7,60.468,60.468,60.468,57.8105,57.8105,57.8105,0.0,0.0,0.0,0.0,0.0,0.0,0.0,60.468,1.0,0.0,0.0,90.57142857142856,90.57142857142857,0.0,1.0000000000000002,0.0
-86.9145,40.469,60,1,0.138,0.138,0.138,0.138,0.138,0.138,0.0,0.0,0.0,0.0,0.0,0.0,0.0,0.138,1.0,0.0,0.0,3.0,3.0,0.0,1.0,0.0
-86.914,40.46,60,18,42.87771428571428,27.10074603174603,11.323777777777778,33.139,21.8645,10.59,15.776968253968253,0.5821599241396154,31.553936507936506,2.7865202874131967,0.47058823529411764,0.47058823529411764,0.47058823529411764,21.403,0.49916373474065784,21.474714285714285,0.5008362652593422,82.0,41.0,41.0,0.5,0.5
-86.914,40.468,60,2,10.15111111111111,10.15111111111111,10.15111111111111,8.613777777777777,8.613777777777777,8.613777777777777,0.0,0.0,0.0,0.0,0.0,0.0,0.0,10.15111111111111,1.0,0.0,0.0,0.0,0.0,0.0,0.0,0.0
-86.914,40.4685,60,11,59.479,35.078833333333336,10.678666666666668,49.007000000000005,29.274722222222223,9.542444444444444,24.400166666666664,0.69558090586441,48.80033333333333,4.569890123610937,0.36363636363636365,0.36363636363636365,0.36363636363636365,39.209,0.659207451369391,20.269999999999996,0.34079254863060904,78.85714285714286,50.18181818181818,28.67532467532468,0.6363636363636364,0.3636363636363637
-86.9135,40.46,60,21,37.578,12.9815,9.944,33.971428571428575,12.8535,9.281166666666667,24.596500000000002,1.8947348149289374,27.634,2.7789621882542233,0.55,0.55,0.35,13.029,0.34671882484432376,24.549000000000003,0.6532811751556762,80.44444444444444,34.476190476190474,45.96825396825397,0.42857142857142855,0.5714285714285714
-86.9135,40.4605,60,2,7.302,7.302,7.302,5.543,5.543,5.543,0.0,0.0,0.0,0.0,0.0,0.0,0.0,7.302,1.0,0.0,0.0,0.0,0.0,0.0,0.0,0.0
-86.9135,40.4685,60,19,48.90435714285714,28.423999999999996,7.943642857142857,48.22325,27.932535714285713,7.641821428571429,20.48035714285714,0.7205304370552049,40.96071428571428,5.156414383469261,0.375,0.375,0.375,16.58222222222222,0.3390745363195963,32.322134920634916,0.6609254636804037,75.3,39.63157894736842,35.66842105263158,0.5263157894736842,0.4736842105263158
-86.9135,40.469,60,6,13.856,12.129999999999999,10.404,13.856,8.06,2.264,1.7260000000000009,0.14229183841714765,3.452,0.3317954632833526,0.0,0.0,0.0,11.1465,0.8044529445727483,2.7095000000000002,0.19554705542725176,0.0,0.0,0.0,0.0,0.0
-86.913,40.46,60,19,41.6235,10.25357142857143,9.835,40.1775,8.712928571428572,8.05875,31.36992857142857,3.059414838035527,31.7885,3.2321809862735127,0.47368421052631576,0.47368421052631576,0.47368421052631576,14.978285714285716,0.35985166346620817,26.64521428571428,0.6401483365337918,79.5,41.8421052631579,37.6578947368421,0.5263157894736843,0.47368421052631576
-86.913,40.4665,60,7,15.716571428571427,12.722,5.638,15.716571428571427,12.459428571428573,5.638,2.9945714285714278,0.2353852718575246,10.078571428571427,1.7876146556529668,0.14285714285714285,0.14285714285714285,0.0,12.722,0.8094640779522979,2.9945714285714278,0.19053592204770212,0.0,0.0,0.0,0.0,0.0
-86.913,40.467,60,2,9.268571428571429,9.268571428571429,9.268571428571429,7.814857142857143,7.814857142857143,7.814857142857143,0.0,0.0,0.0,0.0,0.0,0.0,0.0,9.268571428571429,1.0,0.0,0.0,0.0,0.0,0.0,0.0,0.0
-86.913,40.4685,60,20,57.49028571428572,7.213999999999999,6.109,53.845,5.397333333333333,5.010999999999999,50.27628571428572,6.9692661095488955,51.38128571428572,8.410752285854594,0.4375,0.4375,0.4375,11.538,0.20069477576335876,45.95228571428572,0.7993052242366413,77.44444444444444,34.85,42.59444444444444,0.45,0.5499999999999999
-86.913,40.469,60,7,16.32,16.32,16.32,15.7815,15.7815,15.7815,0.0,0.0,0.0,0.0,0.0,0.0,0.0,16.32,1.0,0.0,0.0,0.0,0.0,0.0,0.0,0.0
-86.9125,40.46,60,14,35.301,21.7645,8.228,32.997,20.478,7.959,13.5365,0.6219531806381952,27.073,3.290350024307244,0.15384615384615385,0.15384615384615385,0.15384615384615385,34.4865,0.976926999235149,0.8145000000000024,0.023073000764850922,67.18181818181819,53.0,14.181818181818187,0.7889039242219215,0.21109607577807854
-86.9125,40.463,60,2,17.191,10.737,4.283,17.191,10.737,4.283,6.453999999999999,0.6010990034460276,12.907999999999998,3.013775391081017,0.5,0.5,0.5,10.737,0.6245709964516317,6.453999999999999,0.3754290035483683,3.0,1.5,1.5,0.5,0.5
-86.9125,40.4635,60,7,15.696,15.696,15.696,14.142071428571429,14.142071428571429,14.142071428571429,0.0,0.0,0.0,0.0,0.0,0.0,0.0,15.696,1.0,0.0,0.0,0.0,0.0,0.0,0.0,0.0
-86.9125,40.4685,60,8,48.0025,48.0025,48.0025,44.83625,44.83625,44.83625,0.0,0.0,0.0,0.0,0.0,0.0,0.0,48.0025,1.0,0.0,0.0,65.625,65.625,0.0,1.0,0.0
-86.9125,40.469,60,3,17.914,10.624571428571429,3.3351428571428574,17.914,10.149785714285715,2.3855714285714287,7.289428571428573,0.6860915398268167,14.578857142857144,4.371284160027414,0.6666666666666666,0.6666666666666666,0.6666666666666666,5.234285714285715,0.2921896680967799,12.679714285714287,0.7078103319032202,0.0,0.0,0.0,0.0,0.0
-86.912,40.46,60,9,33.991,33.991,33.991,31.582,31.582,31.582,0.0,0.0,0.0,0.0,0.0,0.0,0.0,33.991,1.0,0.0,0.0,59.66666666666666,59.666666666666664,0.0,1.0000000000000002,0.0
-86.912,40.4665,60,23,14.207999999999998,13.969777777777777,13.731555555555556,13.680666666666667,12.774111111111111,11.867555555555557,0.23822222222222145,0.017052685161618678,0.4764444444444429,0.0346970481615742,0.0,0.0,0.0,13.762666666666666,0.9686561561561562,0.44533333333333225,0.03134384384384377,0.0,0.0,0.0,0.0,0.0
-86.912,40.467,60,2,9.655111111111111,4.899111111111111,0.1431111111111111,9.655111111111111,4.899111111111111,0.1431111111111111,4.756,0.9707883516284134,9.512,66.46583850931678,0.5,0.5,0.5,4.899111111111111,0.5074111581660836,4.756,0.49258884183391644,0.0,0.0,0.0,0.0,0.0
-86.912,40.4675,60,5,13.149333333333336,13.149333333333336,13.149333333333336,11.764444444444443,11.764444444444443,11.764444444444443,0.0,0.0,0.0,0.0,0.0,0.0,0.0,13.149333333333336,1.0,0.0,0.0,0.0,0.0,0.0,0.0,0.0
-86.912,40.4685,60,6,57.6945,57.6945,57.6945,48.27575,48.27575,48.27575,0.0,0.0,0.0,0.0,0.0,0.0,0.0,57.6945,1.0,0.0,0.0,71.66666666666667,71.66666666666667,0.0,1.0,0.0
-86.912,40.469,60,3,10.538,8.67775,6.8175,10.538,8.347375,6.156750000000001,1.8602500000000006,0.2143700844112818,3.7205000000000004,0.5457279061239458,0.6666666666666666,0.0,0.0,8.139,0.7723476940595938,2.399000000000001,0.22765230594040622,0.0,0.0,0.0,0.0,0.0
-86.9115,40.46,60,9,41.1,41.1,41.1,33.289142857142856,33.289142857142856,33.289142857142856,0.0,0.0,0.0,0.0,0.0,0.0,0.0,41.1,1.0,0.0,0.0,83.44444444444444,83.44444444444444,0.0,1.0,0.0
-86.9115,40.4665,60,18,14.816888888888888,13.32311111111111,7.895111111111111,13.945333333333334,5.152666666666667,5.047111111111111,1.4937777777777779,0.11211929145678355,6.921777777777777,0.8767169556406214,0.1111111111111111,0.0,0.0,14.14,0.9543163957046015,0.6768888888888878,0.04568360429539857,0.0,0.0,0.0,0.0,0.0
-86.9115,40.4685,60,7,65.51578571428571,36.507670634920636,7.499555555555555,63.08,35.28977777777778,7.499555555555555,29.008115079365076,0.7945758952809764,58.01623015873016,7.73595578150663,0.14285714285714285,0.14285714285714285,0.14285714285714285,65.291,0.9965689839199059,0.2247857142857157,0.003431016080094132,82.0,70.28571428571429,11.714285714285708,0.8571428571428572,0.1428571428571428
-86.9115,40.469,60,50,14.870222222222225,13.633777777777777,6.349777777777778,10.821333333333332,6.452,5.803111111111111,1.236444444444448,0.09068979006389387,8.520444444444447,1.3418492335689791,0.36363636363636365,0.0,0.0,7.930222222222222,0.5332954749237849,6.940000000000003,0.46670452507621507,0.0,0.06,0.0,0.0,0.0
-86.911,40.46,60,14,28.032,17.99817857142857,7.964357142857143,26.86,17.025982142857142,7.191964285714286,10.033821428571429,0.5574909365828685,20.067642857142857,2.519681437834638,0.3076923076923077,0.3076923076923077,0.3076923076923077,26.610500000000002,0.9492900970319635,1.4214999999999982,0.050709902968036465,74.77777777777777,48.07142857142857,26.706349206349202,0.6428571428571429,0.3571428571428571
-86.911,40.4685,60,16,49.6335,13.642857142857142,10.843555555555556,37.84975,12.300263888888889,6.746821428571428,35.99064285714286,2.638057591623037,38.789944444444444,3.577234814329043,0.7333333333333333,0.7333333333333333,0.7333333333333333,13.920944444444444,0.28047476894525764,35.712555555555554,0.7195252310547423,69.0,17.625,51.375,0.2554347826086957,0.7445652173913043
-86.9105,40.46,60,14,38.78171428571428,23.48285714285714,8.184,31.581,19.557,7.533,15.298857142857141,0.6514904489597275,30.597714285714282,3.7387236419494485,0.35714285714285715,0.35714285714285715,0.35714285714285715,28.5235,0.7354883744916604,10.258214285714281,0.2645116255083396,71.88888888888889,46.214285714285715,25.67460317460317,0.6428571428571429,0.3571428571428571
-86.9105,40.4685,60,6,12.684,12.684,12.684,12.406805555555556,12.406805555555556,12.406805555555556,0.0,0.0,0.0,0.0,0.0,0.0,0.0,12.684000000000001,1.0000000000000002,0.0,0.0,0.0,0.0,0.0,0.0,0.0
-86.91,40.46,60,18,38.652,11.382,1.2820714285714283,33.7025,11.075,1.021607142857143,27.270000000000003,2.395888244596732,37.369928571428574,29.148086244359025,0.3888888888888889,0.3888888888888889,0.1111111111111111,31.6355,0.8184699368726068,7.016500000000001,0.18153006312739317,78.72727272727273,48.111111111111114,30.61616161616162,0.611111111111111,0.3888888888888889
-86.91,40.4685,60,9,16.2345,8.539428571428573,0.181,14.5635,6.918857142857144,0.181,7.695071428571428,0.9011225240899355,16.0535,88.69337016574586,0.3333333333333333,0.1111111111111111,0.1111111111111111,14.153,0.8717853953001324,2.0815,0.12821460469986756,3.0,0.3333333333333333,2.6666666666666665,0.1111111111111111,0.8888888888888888
-86.9095,40.46,60,32,39.361,23.3065,7.252,34.336285714285715,20.195642857142857,6.055,16.054499999999997,0.6888421684937677,32.108999999999995,4.427606177606177,0.1724137931034483,0.1724137931034483,0.1724137931034483,35.05,0.8904753436142374,4.311,0.10952465638576256,72.58333333333333,54.4375,18.14583333333333,0.75,0.24999999999999994
-86.9095,40.4685,60,17,13.885,10.8155,7.745999999999999,12.726,9.593,6.46,3.0694999999999997,0.28380564929961627,6.139000000000001,0.7925380841724764,0.6666666666666666,0.0,0.0,11.306,0.8142599927979833,2.5790000000000006,0.1857400072020166,0.0,0.0,0.0,0.0,0.0
