parent_grid_lat,parent_grid_lon,parent_lat_index,parent_lon_index,sub_grid_lat,sub_grid_lon,sub_lat_index,sub_lon_index,lat_index,lon_index,rsrp_50_273_387410,rsrp_50_371_387410,rsrp_50_gap_273_371_387410,rsrp_50_gap_target_other_pcells,target_pcell_usage,target_scell_usage
40.42725,-86.92185,2,0,40.42705,-86.92185,0,2,2,0.4,-127.45,-90.55,36.9,8.55,1,1
40.42725,-86.92185,2,0,40.42705,-86.92175,0,3,2,0.6,-115.76,-90.72333333,25.03666667,8.186666667,1,1
40.42725,-86.92185,2,0,40.42705,-86.92165,0,4,2,0.8,-109.915,-90.81,19.105,8.005,1,1
40.42725,-86.92185,2,0,40.42715,-86.92175,1,3,2.2,0.6,-102.1575,-89.79375,12.36375,1.79875,0.8875,0.8875
40.42725,-86.92185,2,0,40.42715,-86.92165,1,4,2.2,0.8,-102.1575,-89.79375,12.36375,1.79875,0.8875,0.8875
40.42725,-86.92185,2,0,40.42725,-86.92175,2,3,2.4,0.6,-97.727,-92.17916667,6.349,2.532857143,0.792857143,0.792857143
40.42725,-86.92185,2,0,40.42725,-86.92165,2,4,2.4,0.8,-97.89214286,-92.52642857,5.365714286,4.094375,0.81875,0.81875
40.42725,-86.92185,2,0,40.42735,-86.92185,3,2,2.6,0.4,-98.3,-94.65833333,4.405,3.066666667,0.899408968,0.899408968
40.42725,-86.92185,2,0,40.42735,-86.92175,3,3,2.6,0.6,-96.43928571,-93.52125,3.747142857,3.838888889,0.849146034,0.849146034
40.42725,-86.92185,2,0,40.42735,-86.92165,3,4,2.6,0.8,-96.305625,-93.655,3.043125,5.875,0.882676378,0.882676378
40.42725,-86.92185,2,0,40.42745,-86.92185,4,2,2.8,0.4,-111.2733333,-95.395,16.31333333,0.3275,0.437959989,0.437959989
40.42725,-86.92185,2,0,40.42745,-86.92175,4,3,2.8,0.6,-103.5375,-94.54090909,9.995,0.885454545,0.517811578,0.517811578
40.42725,-86.92185,2,0,40.42745,-86.92165,4,4,2.8,0.8,-97.67,-93.807,4.817142857,1.583636364,0.540371582,0.540371582
40.42925,-86.92185,4,1,40.42905,-86.92175,0,3,4,1.6,-99.84666667,-98.4275,1.69,-3.28375,0.708333333,0.708333333
40.42925,-86.92185,4,1,40.42905,-86.92165,0,4,4,1.8,-100.0742857,-96.95625,3.444285714,-2.6125,0.354166667,0.354166667
40.42925,-86.92185,4,1,40.42915,-86.92185,1,2,4.2,1.4,-99.325,-93.49,5.835,-7.22,0,0
40.42925,-86.92185,4,1,40.42915,-86.92175,1,3,4.2,1.6,-98.52666667,-97.057,3.765,-5.408,0.166666667,0.166666667
40.42925,-86.92185,4,1,40.42915,-86.92165,1,4,4.2,1.8,-99.2875,-96.0525,4.7175,-3.332777778,0.16951567,0.16951567
40.42925,-86.92185,4,1,40.42925,-86.92185,2,2,4.4,1.4,-101.2266667,-97.27333333,3.953333333,-4.711666667,0,0
40.42925,-86.92185,4,1,40.42925,-86.92175,2,3,4.4,1.6,-103.8921429,-98.390625,5.982857143,-5.59875,0,0
40.42925,-86.92185,4,1,40.42925,-86.92165,2,4,4.4,1.8,-102.47,-96.81388889,6.274375,-5.029,0.069230769,0.069230769
40.42925,-86.92185,4,1,40.42935,-86.92185,3,2,4.6,1.4,-102.1775,-99.165,3.0125,-3.4575,0,0
40.42925,-86.92185,4,1,40.42935,-86.92175,3,3,4.6,1.6,-106.211,-99.586,6.625,-5.565,0,0
40.42925,-86.92185,4,1,40.42935,-86.92165,3,4,4.6,1.8,-105.099,-98.066,7.033,-6.063,0,0
40.42725,-86.92085,2,1,40.42705,-86.92105,0,0,2,1,-88.04,-91.365,3.325,10.95,1,1
40.42725,-86.92085,2,1,40.42715,-86.92105,1,0,2.2,1,-88.755,-90.50714286,2.163571429,13.20785714,1,1
40.42725,-86.92085,2,1,40.42715,-86.92095,1,1,2.2,1.2,-86.695,-87.115,0.42,10.14,1,1
40.42725,-86.92085,2,1,40.42725,-86.92105,2,0,2.4,1,-92.43115385,-90.90576923,2.610769231,14.55269231,1,1
40.42725,-86.92085,2,1,40.42725,-86.92095,2,1,2.4,1.2,-94.256875,-91.3775,2.984375,14.88875,1,1
40.42725,-86.92085,2,1,40.42725,-86.92085,2,2,2.4,1.4,-94.69625,-91.93125,2.765,16.0575,1,1
40.42725,-86.92085,2,1,40.42725,-86.92075,2,3,2.4,1.6,-95.08875,-89.96875,5.12,14.25,1,1
40.42725,-86.92085,2,1,40.42725,-86.92065,2,4,2.4,1.8,-94.2125,-88.34875,5.86375,14.1525,1,1
40.42725,-86.92085,2,1,40.42735,-86.92105,3,0,2.6,1,-93.3965625,-89.6209375,3.775625,15.2040625,0.999911222,0.999911222
40.42725,-86.92085,2,1,40.42735,-86.92095,3,1,2.6,1.2,-94.02433333,-88.92366667,5.100666667,16.17766667,1,1
40.42725,-86.92085,2,1,40.42735,-86.92085,3,2,2.6,1.4,-92.79,-88.1615,4.6285,16.0265,1,1
40.42725,-86.92085,2,1,40.42735,-86.92075,3,3,2.6,1.6,-92.89555556,-87.52833333,5.367222222,14.69833333,1,1
40.42725,-86.92085,2,1,40.42735,-86.92065,3,4,2.6,1.8,-92.99125,-87.00625,5.985,15.0075,1,1
40.42725,-86.92085,2,1,40.42745,-86.92105,4,0,2.8,1,-92.243125,-87.8725,4.370625,15.579375,0.999822443,0.999822443
40.42725,-86.92085,2,1,40.42745,-86.92095,4,1,2.8,1.2,-92.875625,-86.24375,6.631875,16.711875,1,1
40.42725,-86.92085,2,1,40.42745,-86.92085,4,2,2.8,1.4,-91.51916667,-85.64833333,5.870833333,16.00583333,1,1
40.42725,-86.92085,2,1,40.42745,-86.92075,4,3,2.8,1.6,-91.141,-85.576,5.565,15.057,1,1
40.42725,-86.92085,2,1,40.42745,-86.92065,4,4,2.8,1.8,-91.77,-85.66375,6.10625,15.8625,1,1
40.42825,-86.92085,3,1,40.42805,-86.92105,0,0,3,1,-95.41,-84.7075,10.7025,8.6675,1,1
40.42825,-86.92085,3,1,40.42815,-86.92105,1,0,3.2,1,-99.61166667,-92.52916667,7.0825,3.660833333,1,1
40.42825,-86.92085,3,1,40.42815,-86.92095,1,1,3.2,1.2,-99.515,-90.14,9.375,2.775,1,1
40.42825,-86.92085,3,1,40.42815,-86.92085,1,2,3.2,1.4,-93.34666667,-83.27333333,10.07333333,7.25,1,1
40.42825,-86.92085,3,1,40.42815,-86.92075,1,3,3.2,1.6,-97.56833333,-84.84625,11.76333333,7.83375,0.526315789,0.5
40.42825,-86.92085,3,1,40.42815,-86.92065,1,4,3.2,1.8,-102.1083333,-87.37875,12.92666667,4.87375,0.276315789,0.25
40.42825,-86.92085,3,1,40.42825,-86.92105,2,0,3.4,1,-101.7125,-96.44,5.2725,1.1575,1,1
40.42825,-86.92085,3,1,40.42825,-86.92095,2,1,3.4,1.2,-99.515,-90.14,9.375,2.775,1,1
40.42825,-86.92085,3,1,40.42825,-86.92085,2,2,3.4,1.4,-93.34666667,-83.27333333,10.07333333,7.25,1,1
40.42825,-86.92085,3,1,40.42825,-86.92075,2,3,3.4,1.6,-97.56833333,-84.84625,11.76333333,7.83375,0.526315789,0.5
40.42825,-86.92085,3,1,40.42825,-86.92065,2,4,3.4,1.8,-102.1083333,-87.37875,12.92666667,4.87375,0.276315789,0.25
40.42875,-86.92085,4,2,40.42865,-86.92105,1,0,4.2,2,-98.955,-98.165,0.79,0.52,1,1
40.42875,-86.92085,4,2,40.42865,-86.92095,1,1,4.2,2.2,-98.955,-98.165,0.79,0.52,1,1
40.42875,-86.92085,4,2,40.42865,-86.92085,1,2,4.2,2.4,-104.41,-102.54,1.87,-1.25,1,1
40.42875,-86.92085,4,2,40.42865,-86.92075,1,3,4.2,2.6,-103.9525,-102.8625,1.09,-1.4175,1,1
40.42875,-86.92085,4,2,40.42865,-86.92065,1,4,4.2,2.8,-100.3975,-97.9575,2.44,-4.6825,1,1
40.42875,-86.92085,4,2,40.42875,-86.92105,2,0,4.4,2,-99.68,-98.385,1.320555556,1.58,0.994776828,0.994776828
40.42875,-86.92085,4,2,40.42875,-86.92095,2,1,4.4,2.2,-100.5071429,-99.3,1.24,1.197857143,0.993284493,0.993284493
40.42875,-86.92085,4,2,40.42875,-86.92085,2,2,4.4,2.4,-103.4633333,-101.4083333,2.055,0.031666667,1,1
40.42875,-86.92085,4,2,40.42875,-86.92075,2,3,4.4,2.6,-103.9525,-102.8625,1.09,-1.4175,1,1
40.42875,-86.92085,4,2,40.42875,-86.92065,2,4,4.4,2.8,-99.02666667,-97.97833333,2.205,-3.175,0.913043478,0.913043478
40.42875,-86.92085,4,2,40.42885,-86.92105,3,0,4.6,2,-98.2890625,-97.58875,1.3521875,2.0490625,0.974838653,0.974838653
40.42875,-86.92085,4,2,40.42885,-86.92095,3,1,4.6,2.2,-99.18590909,-98.74136364,1.123636364,1.03,0.963401678,0.963401678
40.42875,-86.92085,4,2,40.42885,-86.92085,3,2,4.6,2.4,-100.33125,-99.605,1.45625,0.605,1,1
40.42875,-86.92085,4,2,40.42885,-86.92075,3,3,4.6,2.6,-98.36166667,-98.15375,1.05,1.87625,0.5,0.5
40.42875,-86.92085,4,2,40.42885,-86.92065,3,4,4.6,2.8,-98.949,-98.395,1.121,1.971666667,0.305728088,0.305728088
40.42875,-86.92085,4,2,40.42895,-86.92105,4,0,4.8,2,-97.7953125,-98.0521875,0.954375,2.2990625,0.932613116,0.932613116
40.42875,-86.92085,4,2,40.42895,-86.92095,4,1,4.8,2.2,-98.35333333,-98.885,0.805,1.410416667,0.894363684,0.894363684
40.42875,-86.92085,4,2,40.42895,-86.92085,4,2,4.8,2.4,-97.61142857,-99.20142857,1.795714286,1.667142857,0.75,0.75
40.42875,-86.92085,4,2,40.42895,-86.92075,4,3,4.8,2.6,-97.246,-98.58,2.174,2.174166667,0.5,0.5
40.42875,-86.92085,4,2,40.42895,-86.92065,4,4,4.8,2.8,-99.615,-98.47,0.9675,1.455833333,0.336385836,0.336385836
40.42675,-86.92035,1,2,40.42655,-86.92045,0,1,1,2.2,-139.355,-80.725,58.63,18.35,0,0
40.42675,-86.92035,1,2,40.42655,-86.92035,0,2,1,2.4,-126.398,-85.335,41.063,14.299,0,0
40.42675,-86.92035,1,2,40.42655,-86.92025,0,3,1,2.6,-123.15875,-86.724,36.67125,12.885,0,0
40.42675,-86.92035,1,2,40.42685,-86.92035,3,2,1.6,2.4,-108.695,-106.7,1.995,5.31,1,1
40.42675,-86.92035,1,2,40.42685,-86.92025,3,3,1.6,2.6,-109.0075,-106.89,2.1175,5.98,1,1
40.42675,-86.92035,1,2,40.42685,-86.92015,3,4,1.6,2.8,-109.32,-107.08,2.24,6.65,1,1
40.42675,-86.92035,1,2,40.42695,-86.92035,4,2,1.8,2.4,-100.8175,-96.665,4.1525,7.9,1,1
40.42675,-86.92035,1,2,40.42695,-86.92025,4,3,1.8,2.6,-104.006,-99.763,4.243,6.58,1,1
40.42675,-86.92035,1,2,40.42695,-86.92015,4,4,1.8,2.8,-106.1316667,-101.8283333,4.303333333,5.7,1,1
40.42725,-86.92035,2,2,40.42705,-86.92045,0,1,2,2.2,-142.91,-87.605,55.305,13.81,1,1
40.42725,-86.92035,2,2,40.42705,-86.92035,0,2,2,2.4,-103.909,-89.338,14.571,10.635,1,1
40.42725,-86.92035,2,2,40.42705,-86.92025,0,3,2,2.6,-98.04625,-94.0775,3.96875,7.573125,1,1
40.42725,-86.92035,2,2,40.42705,-86.92015,0,4,2,2.8,-101.93375,-98.38375,3.55,5.305,1,1
40.42725,-86.92035,2,2,40.42715,-86.92045,1,1,2.2,2.2,-137.54,-86.7675,50.7725,13.0825,1,1
40.42725,-86.92035,2,2,40.42715,-86.92035,1,2,2.2,2.4,-106.4444444,-88.99277778,17.45166667,11.87611111,1,1
40.42725,-86.92035,2,2,40.42715,-86.92025,1,3,2.2,2.6,-104.0403846,-89.36807692,14.67230769,12.18423077,0.971340726,0.971340726
40.42725,-86.92035,2,2,40.42715,-86.92015,1,4,2.2,2.8,-111.6008333,-89.06416667,22.53666667,12.94583333,0.937904906,0.937904906
40.42725,-86.92035,2,2,40.42725,-86.92055,2,0,2.4,2,-92.85875,-89.695,3.51625,13.54625,0.979622937,0.979622937
40.42725,-86.92035,2,2,40.42725,-86.92045,2,1,2.4,2.2,-100.11,-90.43,9.915,12.56583333,0.991596639,0.991596639
40.42725,-86.92035,2,2,40.42725,-86.92035,2,2,2.4,2.4,-99.42227273,-86.59125,11.97454545,13.2225,0.998003992,0.998003992
40.42725,-86.92035,2,2,40.42725,-86.92025,2,3,2.4,2.6,-100.723125,-84.58441176,15.6753125,13.75470588,0.951001962,0.951001962
40.42725,-86.92035,2,2,40.42725,-86.92015,2,4,2.4,2.8,-100.8036364,-83.70454545,17.09909091,13.92227273,0.920254875,0.920254875
40.42725,-86.92035,2,2,40.42735,-86.92055,3,0,2.6,2,-91.3505,-87.8065,3.685,14.2015,0.891849175,0.891849175
40.42725,-86.92035,2,2,40.42735,-86.92045,3,1,2.6,2.2,-91.15923077,-88.17576923,3.091923077,13.89384615,0.919198449,0.919198449
40.42725,-86.92035,2,2,40.42735,-86.92035,3,2,2.6,2.4,-92.43115385,-84.63964286,7.216923077,15.9825,0.998289136,0.998289136
40.42725,-86.92035,2,2,40.42735,-86.92025,3,3,2.6,2.6,-91.975,-81.909,9.7275,15.76533333,0.969306927,0.969306927
40.42725,-86.92035,2,2,40.42735,-86.92015,3,4,2.6,2.8,-90.27708333,-82.07625,8.200833333,14.505,0.957947849,0.957947849
40.42725,-86.92035,2,2,40.42745,-86.92055,4,0,2.8,2,-90.345,-86.5475,3.7975,14.63833333,0.833333333,0.833333333
40.42725,-86.92035,2,2,40.42745,-86.92045,4,1,2.8,2.2,-89.5725,-86.204375,3.368125,14.6975,0.875,0.875
40.42725,-86.92035,2,2,40.42745,-86.92035,4,2,2.8,2.4,-90.93666667,-83.52555556,7.411111111,17.57111111,1,1
40.42725,-86.92035,2,2,40.42745,-86.92025,4,3,2.8,2.6,-93.394,-85.6515,7.7965,16.9805,0.9,0.9
40.42725,-86.92035,2,2,40.42745,-86.92015,4,4,2.8,2.8,-93.435,-87.14857143,6.363571429,15.33857143,0.857142857,0.857142857
40.42825,-86.92035,3,2,40.42805,-86.92015,0,4,3,2.8,-84.505,-84.71,0.205,14.275,1,1
40.42825,-86.92035,3,2,40.42815,-86.92055,1,0,3.2,2,-95.905,-87.995,7.91,0.55875,0.6125,0.6125
40.42825,-86.92035,3,2,40.42815,-86.92045,1,1,3.2,2.2,-95.16,-89.80125,5.35875,2.24875,1,1
40.42825,-86.92035,3,2,40.42815,-86.92035,1,2,3.2,2.4,-94.0025,-89.98625,4.01625,5.54875,1,1
40.42825,-86.92035,3,2,40.42815,-86.92025,1,3,3.2,2.6,-89.802,-85.776,4.246,13.499,1,1
40.42825,-86.92035,3,2,40.42815,-86.92015,1,4,3.2,2.8,-86.26857143,-82.68357143,3.800714286,16.44357143,1,1
40.42825,-86.92035,3,2,40.42825,-86.92055,2,0,3.4,2,-95.905,-87.995,7.91,0.55875,0.6125,0.6125
40.42825,-86.92035,3,2,40.42825,-86.92045,2,1,3.4,2.2,-95.854,-92.223,4.943,2.001,0.900757576,0.900757576
40.42825,-86.92035,3,2,40.42825,-86.92035,2,2,3.4,2.4,-94.928,-92.371,3.869,4.641,0.900757576,0.900757576
40.42825,-86.92035,3,2,40.42825,-86.92025,2,3,3.4,2.6,-89.802,-85.776,4.246,13.499,1,1
40.42825,-86.92035,3,2,40.42825,-86.92015,2,4,3.4,2.8,-87.245,-82.70285714,4.699285714,14.58142857,1,1
40.42825,-86.92035,3,2,40.42835,-86.92045,3,1,3.6,2.2,-98.63,-101.91,3.28,1.01,0.503787879,0.503787879
40.42825,-86.92035,3,2,40.42835,-86.92035,3,2,3.6,2.4,-98.63,-101.91,3.28,1.01,0.503787879,0.503787879
40.42825,-86.92035,3,2,40.42835,-86.92015,3,4,3.6,2.8,-91.34,-84.845,6.495,1.24,1,1
40.42625,-86.91935,1,3,40.42605,-86.91945,0,1,1,3.2,-100.72,-75.18,25.54,11.43,1,1
40.42625,-86.91935,1,3,40.42605,-86.91935,0,2,1,3.4,-94.11222222,-71.50444444,22.60777778,10.02944444,1,1
40.42625,-86.91935,1,3,40.42605,-86.91925,0,3,1,3.6,-104.8240909,-72.10115385,33.05409091,10.87041667,1,1
40.42625,-86.91935,1,3,40.42605,-86.91915,0,4,1,3.8,-126.55,-73.50416667,53.255,10.868,1,1
40.42625,-86.91935,1,3,40.42615,-86.91955,1,0,1.2,3,-85.44125,-73.08,12.36125,18.9725,1,1
40.42625,-86.91935,1,3,40.42615,-86.91945,1,1,1.2,3.2,-81.604,-70.848,10.756,14.313,1,1
40.42625,-86.91935,1,3,40.42615,-86.91935,1,2,1.2,3.4,-93.453,-70.3075,23.1455,10.3945,1,1
40.42625,-86.91935,1,3,40.42615,-86.91925,1,3,1.2,3.6,-109.8281818,-72.08928571,38.45954545,10.09,1,1
40.42625,-86.91935,1,3,40.42615,-86.91915,1,4,1.2,3.8,-125.5228571,-73.5875,52.42571429,9.650555556,1,1
40.42625,-86.91935,1,3,40.42625,-86.91955,2,0,1.4,3,-102.25875,-71.323125,30.935625,19.07125,0.5,0.5
40.42625,-86.91935,1,3,40.42625,-86.91945,2,1,1.4,3.2,-107.1995,-69.633,37.5665,13.8815,0.7,0.7
40.42625,-86.91935,1,3,40.42625,-86.91935,2,2,1.4,3.4,-107.9275,-69.15916667,38.76833333,10.43458333,0.833333333,0.833333333
40.42625,-86.91935,1,3,40.42625,-86.91925,2,3,1.4,3.6,-110.019375,-72.14071429,39.795625,8.191428571,0.928571429,0.928571429
40.42625,-86.91935,1,3,40.42625,-86.91915,2,4,1.4,3.8,-117.772,-74.18272727,44.206,7.773636364,1,1
40.42625,-86.91935,1,3,40.42635,-86.91955,3,0,1.6,3,-119.07625,-69.56625,49.51,19.17,0,0
40.42625,-86.91935,1,3,40.42635,-86.91945,3,1,1.6,3.2,-131.1535714,-68.98,62.17357143,11.98142857,0.571428571,0.571428571
40.42625,-86.91935,1,3,40.42635,-86.91935,3,2,1.6,3.4,-126.3381818,-69.1775,57.18409091,8.894166667,0.75,0.75
40.42625,-86.91935,1,3,40.42635,-86.91925,3,3,1.6,3.6,-120.11,-72.19464286,50.87416667,6.565333333,0.866666667,0.866666667
40.42625,-86.91935,1,3,40.42635,-86.91915,3,4,1.6,3.8,-83.22,-74.960625,9.41,5.279444444,1,1
40.42625,-86.91935,1,3,40.42645,-86.91945,4,1,1.8,3.2,-123.34375,-71.6425,51.70125,7.94625,1,1
40.42625,-86.91935,1,3,40.42645,-86.91935,4,2,1.8,3.4,-117.0845,-71.9425,45.115,8.192083333,0.916666667,0.916666667
40.42625,-86.91935,1,3,40.42645,-86.91925,4,3,1.8,3.6,-112.9116667,-73.70076923,40.72416667,6.8265625,0.9375,0.9375
40.42725,-86.91935,2,3,40.42705,-86.91945,0,1,2,3.2,-95.95166667,-78.48166667,17.47,6.243333333,1,1
40.42725,-86.91935,2,3,40.42705,-86.91935,0,2,2,3.4,-92.0055,-77.2155,14.79,6.284,0.9,0.9
40.42725,-86.91935,2,3,40.42705,-86.91925,0,3,2,3.6,-90.31428571,-77.41227273,13.64142857,5.804,0.933333333,0.933333333
40.42725,-86.91935,2,3,40.42705,-86.91915,0,4,2,3.8,-84.375,-77.574375,7.915,4.236666667,0.772486772,0.768518519
40.42725,-86.91935,2,3,40.42715,-86.91955,1,0,2.2,3,-93.58,-86.7,6.88,7.33,1,1
40.42725,-86.91935,2,3,40.42715,-86.91935,1,2,2.2,3.4,-86.02214286,-80.20285714,5.819285714,8.192857143,0.991428571,0.991428571
40.42725,-86.91935,2,3,40.42715,-86.91925,1,3,2.2,3.6,-88.47863636,-80.74153846,7.892272727,5.856666667,0.996,0.996
40.42725,-86.91935,2,3,40.42715,-86.91915,1,4,2.2,3.8,-91.36428571,-80.53333333,11.13428571,3.127272727,1,1
40.42725,-86.91935,2,3,40.42725,-86.91955,2,0,2.4,3,-91.407,-86.203,5.204,6.196,1,1
40.42725,-86.91935,2,3,40.42725,-86.91945,2,1,2.4,3.2,-89.555,-85.33166667,4.223333333,6.2925,0.999850411,0.999850411
40.42725,-86.91935,2,3,40.42725,-86.91935,2,2,2.4,3.4,-87.45769231,-83.14,4.317692308,7.654230769,0.995304068,0.995304068
40.42725,-86.91935,2,3,40.42725,-86.91925,2,3,2.4,3.6,-88.76088235,-82.82333333,5.969117647,5.593157895,0.966706282,0.966706282
40.42725,-86.91935,2,3,40.42725,-86.91915,2,4,2.4,3.8,-90.42083333,-82.11923077,8.405,3.264642857,0.959101382,0.959101382
40.42725,-86.91935,2,3,40.42735,-86.91955,3,0,2.6,3,-90.86375,-86.07875,4.785,5.9125,1,1
40.42725,-86.91935,2,3,40.42735,-86.91945,3,1,2.6,3.2,-89.72,-85.49125,4.22875,6.401875,0.999883653,0.999883653
40.42725,-86.91935,2,3,40.42735,-86.91935,3,2,2.6,3.4,-88.14785714,-84.63321429,3.514642857,7.973214286,0.999925206,0.999925206
40.42725,-86.91935,2,3,40.42735,-86.91925,3,3,2.6,3.6,-88.28125,-84.90875,3.3725,6.8471875,0.922085943,0.922085943
40.42725,-86.91935,2,3,40.42735,-86.91915,3,4,2.6,3.8,-88.39727273,-83.97090909,4.426363636,5.092272727,0.886670463,0.886670463
40.42725,-86.91935,2,3,40.42745,-86.91945,4,1,2.8,3.2,-90.215,-85.97,4.245,6.73,1,1
40.42725,-86.91935,2,3,40.42745,-86.91935,4,2,2.8,3.4,-86.1205,-84.153,2.3095,12.1555,1,1
40.42725,-86.91935,2,3,40.42745,-86.91925,4,3,2.8,3.6,-87.12466667,-84.91625,2.469333333,9.5734375,0.892442546,0.892442546
40.42725,-86.91935,2,3,40.42745,-86.91915,4,4,2.8,3.8,-88.7625,-85.43833333,3.320625,5.729444444,0.808786748,0.808786748
40.42825,-86.91885,3,3,40.42805,-86.91905,0,0,3,3,-84.96,-83.89,2.033333333,10.47875,1,1
40.42825,-86.91885,3,3,40.42805,-86.91895,0,1,3,3.2,-84.154375,-84.293125,1.0475,11.675,1,1
40.42825,-86.91885,3,3,40.42805,-86.91885,0,2,3,3.4,-84.47166667,-83.985,0.76,9.018333333,1,1
40.42825,-86.91885,3,3,40.42805,-86.91865,0,4,3,3.8,-97.1,-96.52,0.58,,1,1
40.42825,-86.91885,3,3,40.42815,-86.91905,1,0,3.2,3,-83.68533333,-82.62166667,1.788333333,14.17428571,1,1
40.42825,-86.91885,3,3,40.42815,-86.91895,1,1,3.2,3.2,-83.10035714,-83.02107143,1.431428571,16.42333333,1,1
40.42825,-86.91885,3,3,40.42815,-86.91885,1,2,3.2,3.4,-83.78,-83.70888889,1.204444444,14.669375,1,1
40.42825,-86.91885,3,3,40.42815,-86.91875,1,3,3.2,3.6,-84.6125,-83.9925,0.66,21.8375,1,1
40.42825,-86.91885,3,3,40.42815,-86.91865,1,4,3.2,3.8,-88.027,-88.039,1.11,26.25,1,1
40.42825,-86.91885,3,3,40.42825,-86.91905,2,0,3.4,3,-82.8675,-82.273125,1.488125,13.38,0.997596331,0.997596331
40.42825,-86.91885,3,3,40.42825,-86.91895,2,1,3.4,3.2,-82.52833333,-82.272,1.692333333,16.53607143,0.998756219,0.998756219
40.42825,-86.91885,3,3,40.42825,-86.91885,2,2,3.4,3.4,-83.362,-82.7055,1.5945,17.26111111,1,1
40.42825,-86.91885,3,3,40.42825,-86.91875,2,3,3.4,3.6,-83.41285714,-82.52428571,1.311428571,23.72785714,1,1
40.42825,-86.91885,3,3,40.42825,-86.91865,2,4,3.4,3.8,-83.80125,-83.82625,1.42625,27.82666667,1,1
40.42825,-86.91885,3,3,40.42835,-86.91905,3,0,3.6,3,-82.12111111,-82.27833333,1.641666667,5.933333333,0.996503755,0.996503755
40.42825,-86.91885,3,3,40.42835,-86.91895,3,1,3.6,3.2,-81.31777778,-81.40944444,1.882777778,12.11666667,0.898134328,0.898134328
40.42825,-86.91885,3,3,40.42835,-86.91885,3,2,3.6,3.4,-81.26857143,-81.345,2.060714286,18.05714286,0.714285714,0.714285714
40.42825,-86.91885,3,3,40.42835,-86.91875,3,3,3.6,3.6,-81.31583333,-82.60583333,3.003333333,23.675,0.647619048,0.647619048
40.42825,-86.91885,3,3,40.42835,-86.91865,3,4,3.6,3.8,-79.985,-83.09444444,3.873888889,22.08,0.876190476,0.876190476
40.42825,-86.91885,3,3,40.42845,-86.91905,4,0,3.8,3,-81.818,-82.416,1.954,4.586,1,1
40.42825,-86.91885,3,3,40.42845,-86.91895,4,1,3.8,3.2,-80.264,-81.054,2.078,11.369,0.833333333,0.833333333
40.42825,-86.91885,3,3,40.42845,-86.91885,4,2,3.8,3.4,-80.0825,-81.6475,2.175,17.65625,0.5,0.5
40.42825,-86.91885,3,3,40.42845,-86.91875,4,3,3.8,3.6,-80.81833333,-84.645,3.826666667,15.955,0.295238095,0.295238095
40.42825,-86.91885,3,3,40.42845,-86.91865,4,4,3.8,3.8,-75.46357143,-82.10214286,6.638571429,13.18,0.840816327,0.840816327
40.42875,-86.91935,4,3,40.42855,-86.91945,0,1,4,3.2,-81.4225,-85.84125,4.41875,6.211875,0.864721053,0.739721053
40.42875,-86.91935,4,3,40.42855,-86.91935,0,2,4,3.4,-83.25642857,-87.63964286,4.383214286,6.915714286,0.888228711,0.816800139
40.42875,-86.91935,4,3,40.42855,-86.91925,0,3,4,3.6,-84.07541667,-88.13625,4.060833333,7.922916667,0.909085193,0.909085193
40.42875,-86.91935,4,3,40.42855,-86.91915,0,4,4,3.8,-82.44916667,-86.235,3.785833333,7.991666667,0.898598131,0.898598131
40.42875,-86.91935,4,3,40.42865,-86.91955,1,0,4.2,3,-86.8775,-93.855,6.9775,4.425,1,1
40.42875,-86.91935,4,3,40.42865,-86.91945,1,1,4.2,3.2,-81.715625,-91.01375,9.298125,6.28625,1,1
40.42875,-86.91935,4,3,40.42865,-86.91935,1,2,4.2,3.4,-81.17875,-89.38541667,8.206666667,6.608333333,1,1
40.42875,-86.91935,4,3,40.42865,-86.91925,1,3,4.2,3.6,-82.32,-88.27642857,5.956428571,7.7185,1,1
40.42875,-86.91935,4,3,40.42865,-86.91915,1,4,4.2,3.8,-80.45,-85.21,4.76,10.69625,1,1
40.42875,-86.91935,4,3,40.42875,-86.91955,2,0,4.4,3,-85.584375,-93.24375,7.659375,5.435,1,1
40.42875,-86.91935,4,3,40.42875,-86.91945,2,1,4.4,3.2,-82.3355,-93.246,10.9105,6.269,1,1
40.42875,-86.91935,4,3,40.42875,-86.91935,2,2,4.4,3.4,-82.03833333,-90.58633333,8.884,6.219,1,1
40.42875,-86.91935,4,3,40.42875,-86.91925,2,3,4.4,3.6,-83.65227273,-88.81045455,5.616363636,7.071785714,1,1
40.42875,-86.91935,4,3,40.42875,-86.91915,2,4,4.4,3.8,-84.635,-89.21,4.575,9.996,1,1
40.42875,-86.91935,4,3,40.42885,-86.91955,3,0,4.6,3,-84.29125,-92.6325,8.34125,6.445,1,1
40.42875,-86.91935,4,3,40.42885,-86.91945,3,1,4.6,3.2,-82.3975,-93.78375,11.38625,6.4625,1,1
40.42875,-86.91935,4,3,40.42885,-86.91935,3,2,4.6,3.4,-81.1545,-89.8745,9.224,7.1845,0.999656829,0.999656829
40.42875,-86.91935,4,3,40.42885,-86.91925,3,3,4.6,3.6,-81.49272727,-88.79181818,7.757272727,7.562692308,0.999736022,0.999736022
40.42875,-86.91935,4,3,40.42885,-86.91915,3,4,4.6,3.8,-82.05,-89.71666667,7.666666667,7.856,1,1
40.42875,-86.91935,4,3,40.42895,-86.91935,4,2,4.8,3.4,-78.93916667,-89.265,10.32583333,7.596666667,0.999428049,0.999428049
40.42875,-86.91935,4,3,40.42895,-86.91925,4,3,4.8,3.6,-79.13125,-89.524375,10.393125,7.084545455,0.999688026,0.999688026
40.42875,-86.91935,4,3,40.42895,-86.91915,4,4,4.8,3.8,-79.7075,-90.3025,10.595,6.47,1,1
40.42575,-86.91835,0,4,40.42565,-86.91855,1,0,0.2,4,-139.585,-70.4425,68.895,11.069375,1,1
40.42575,-86.91835,0,4,40.42565,-86.91845,1,1,0.2,4.2,-140.475,-69.84916667,69.235,13.30583333,1,1
40.42575,-86.91835,0,4,40.42565,-86.91815,1,4,0.2,4.8,-133.4925,-71.305,62.605,15.16285714,0.714285714,0.714285714
40.42575,-86.91835,0,4,40.42575,-86.91855,2,0,0.4,4,-139.585,-70.53454545,68.895,11.52818182,0.909090909,0.909090909
40.42575,-86.91835,0,4,40.42575,-86.91845,2,1,0.4,4.2,-140.475,-69.84916667,69.235,13.30583333,1,1
40.42575,-86.91835,0,4,40.42575,-86.91815,2,4,0.4,4.8,-122.13625,-71.6625,49.97625,16.390625,0.862244898,0.862244898
40.42575,-86.91835,0,4,40.42585,-86.91855,3,0,0.6,4,-106.235,-73.29333333,29.65,9.614166667,0.833333333,0.833333333
40.42575,-86.91835,0,4,40.42585,-86.91815,3,4,0.6,4.8,-112.808,-73.845,38.963,17.899,0.979591837,0.979591837
40.42575,-86.91835,0,4,40.42595,-86.91855,4,0,0.8,4,-102.72625,-76.82666667,25.195,5.838333333,1,1
40.42575,-86.91835,0,4,40.42595,-86.91815,4,4,0.8,4.8,-111.378,-75.377,36.001,17.285,1,1
40.42625,-86.91835,1,4,40.42605,-86.91855,0,0,1,4,-95.67611111,-74.02,21.65611111,16.43111111,1,1
40.42625,-86.91835,1,4,40.42605,-86.91845,0,1,1,4.2,-92.988,-73.361,19.627,21.456,1,1
40.42625,-86.91835,1,4,40.42605,-86.91835,0,2,1,4.4,-109.6883333,-74.11333333,35.575,19.83,1,1
40.42625,-86.91835,1,4,40.42605,-86.91825,0,3,1,4.6,-123.4,-74.13,49.27,21.62833333,1,1
40.42625,-86.91835,1,4,40.42605,-86.91815,0,4,1,4.8,-114.0578571,-75.15285714,38.905,20.06,1,1
40.42625,-86.91835,1,4,40.42615,-86.91855,1,0,1.2,4,-100.9945455,-73.72136364,27.27318182,21.55409091,1,1
40.42625,-86.91835,1,4,40.42615,-86.91845,1,1,1.2,4.2,-97.0305,-75.91,21.1205,22.383,1,1
40.42625,-86.91835,1,4,40.42615,-86.91835,1,2,1.2,4.4,-97.56875,-77.966875,19.601875,21.373125,1,1
40.42625,-86.91835,1,4,40.42615,-86.91825,1,3,1.2,4.6,-100.686875,-78.45875,22.228125,20.23875,1,1
40.42625,-86.91835,1,4,40.42615,-86.91815,1,4,1.2,4.8,-99.6675,-78.16791667,21.49958333,20.43416667,1,1
40.42625,-86.91835,1,4,40.42625,-86.91855,2,0,1.4,4,-111.5921429,-75.87785714,35.71428571,21.41571429,1,1
40.42625,-86.91835,1,4,40.42625,-86.91845,2,1,1.4,4.2,-101.073,-78.459,22.614,23.31,1,1
40.42625,-86.91835,1,4,40.42625,-86.91835,2,2,1.4,4.4,-90.297,-80.279,10.018,22.299,1,1
40.42625,-86.91835,1,4,40.42625,-86.91825,2,3,1.4,4.6,-87.059,-81.056,6.003,19.405,1,1
40.42625,-86.91835,1,4,40.42625,-86.91815,2,4,1.4,4.8,-87.43071429,-80.92428571,6.506428571,19.87785714,1,1
40.42625,-86.91835,1,4,40.42635,-86.91855,3,0,1.6,4,-113.8575,-80.03833333,34.135,14.67,0.833333333,0.833333333
40.42625,-86.91835,1,4,40.42645,-86.91855,4,0,1.8,4,-124.831,-80.36928571,44.582,9.51,0.857142857,0.857142857
40.42625,-86.91835,1,4,40.42645,-86.91845,4,1,1.8,4.2,-126.48,-79.265,46.7,9.2425,0.5,0.5
40.42625,-86.91835,1,4,40.42645,-86.91815,4,4,1.8,4.8,-84.66,-80.98,3.68,8.2125,0.333333333,0.333333333
40.42725,-86.91835,2,4,40.42705,-86.91825,0,3,2,4.6,-122.41,-79.21,43.2,,0,0
40.42725,-86.91835,2,4,40.42705,-86.91815,0,4,2,4.8,-103.315,-84.55666667,18.75833333,13.6875,0.648888889,0.648888889
40.42725,-86.91835,2,4,40.42715,-86.91855,1,0,2.2,4,-87.50666667,-82.47,5.036666667,23.97833333,0.901548137,0.901548137
40.42725,-86.91835,2,4,40.42715,-86.91845,1,1,2.2,4.2,-87.07,-80.33,6.74,27.23,0.698476052,0.698476052
40.42725,-86.91835,2,4,40.42715,-86.91815,1,4,2.2,4.8,-94.55,-96.66,2.11,,0,0
40.42725,-86.91835,2,4,40.42725,-86.91855,2,0,2.4,4,-88.67863636,-81.14727273,7.531363636,17.64909091,0.931875916,0.931875916
40.42725,-86.91835,2,4,40.42725,-86.91845,2,1,2.4,4.2,-88.62222222,-80.82777778,7.794444444,14.55,0.895236448,0.895236448
40.42725,-86.91835,2,4,40.42725,-86.91835,2,2,2.4,4.4,-88.78666667,-83.36833333,5.418333333,14.65833333,0.956043956,0.956043956
40.42725,-86.91835,2,4,40.42725,-86.91825,2,3,2.4,4.6,-84.784,-81.684,3.1,19.12666667,0.8,0.8
40.42725,-86.91835,2,4,40.42725,-86.91815,2,4,2.4,4.8,-85.0575,-83.24166667,2.519166667,27.45,0.333333333,0.333333333
40.42725,-86.91835,2,4,40.42735,-86.91855,3,0,2.6,4,-89.543,-80.13566667,9.407333333,13.897,0.969732711,0.969732711
40.42725,-86.91835,2,4,40.42735,-86.91845,3,1,2.6,4.2,-88.30454545,-80.62454545,7.68,13.71909091,0.959582943,0.959582943
40.42725,-86.91835,2,4,40.42735,-86.91835,3,2,2.6,4.4,-88.78666667,-83.36833333,5.418333333,14.65833333,1,1
40.42725,-86.91835,2,4,40.42735,-86.91825,3,3,2.6,4.6,-84.784,-81.684,3.1,19.12666667,0.8,0.8
40.42725,-86.91835,2,4,40.42735,-86.91815,3,4,2.6,4.8,-83.159,-80.558,2.601,27.45,0.4,0.4
40.42725,-86.91835,2,4,40.42745,-86.91855,4,0,2.8,4,-89.91888889,-79.67555556,10.24333333,12.79722222,1,1
40.42725,-86.91835,2,4,40.42745,-86.91845,4,1,2.8,4.2,-86.94,-79.91666667,7.023333333,15.73,1,1
40.42825,-86.91835,3,4,40.42805,-86.91855,0,0,3,4,-86.79785714,-86.60142857,2.485,29.61166667,0.857142857,0.857142857
40.42825,-86.91835,3,4,40.42805,-86.91845,0,1,3,4.2,-81.87,-79.835,3.835,30.8325,0.666666667,0.666666667
40.42825,-86.91835,3,4,40.42815,-86.91855,1,0,3.2,4,-86.01954545,-89.02681818,3.216363636,24.27,0.91656163,0.91656163
40.42825,-86.91835,3,4,40.42815,-86.91845,1,1,3.2,4.2,-80.9775,-86.17375,5.19625,29.56333333,0.8,0.8
40.42825,-86.91835,3,4,40.42815,-86.91835,1,2,3.2,4.4,-77.81,-84.91,7.1,,1,1
40.42825,-86.91835,3,4,40.42815,-86.91825,1,3,3.2,4.6,-77.18666667,-81.725,4.538333333,,1,1
40.42825,-86.91835,3,4,40.42815,-86.91815,1,4,3.2,4.8,-77.593,-83.04,5.447,,1,1
40.42825,-86.91835,3,4,40.42825,-86.91855,2,0,3.4,4,-83.22958333,-86.28375,3.149166667,23.85571429,0.839195683,0.803481397
40.42825,-86.91835,3,4,40.42825,-86.91845,2,1,3.4,4.2,-80.986,-85.615,4.629,29.56333333,0.678571429,0.607142857
40.42825,-86.91835,3,4,40.42825,-86.91835,2,2,3.4,4.4,-77.81,-84.91,7.1,,1,1
40.42825,-86.91835,3,4,40.42825,-86.91825,2,3,3.4,4.6,-77.18666667,-81.725,4.538333333,,1,1
40.42825,-86.91835,3,4,40.42825,-86.91815,2,4,3.4,4.8,-77.593,-83.04,5.447,,1,1
40.42825,-86.91835,3,4,40.42835,-86.91855,3,0,3.6,4,-79.5645,-85.881,6.3165,13.957,0.886363636,0.840909091
40.42825,-86.91835,3,4,40.42835,-86.91845,3,1,3.6,4.2,-77.14166667,-84.14833333,7.006666667,30.83,0.821428571,0.75
40.42825,-86.91835,3,4,40.42835,-86.91835,3,2,3.6,4.4,-73.07666667,-77.62833333,4.551666667,51.645,1,1
40.42825,-86.91835,3,4,40.42835,-86.91825,3,3,3.6,4.6,-74.7375,-79.91375,5.17625,,1,1
40.42825,-86.91835,3,4,40.42835,-86.91815,3,4,3.6,4.8,-75.68,-81.95916667,6.279166667,,1,1
40.42825,-86.91835,3,4,40.42845,-86.91855,4,0,3.8,4,-75.429,-83.9935,8.5645,13.957,1,1
40.42825,-86.91835,3,4,40.42845,-86.91845,4,1,3.8,4.2,-76.366,-84.302,7.936,30.83,1,1
40.42825,-86.91835,3,4,40.42845,-86.91835,4,2,3.8,4.4,-73.07666667,-77.62833333,4.551666667,51.645,1,1
40.42825,-86.91835,3,4,40.42845,-86.91825,4,3,3.8,4.6,-74.7375,-79.91375,5.17625,,1,1
40.42825,-86.91835,3,4,40.42845,-86.91815,4,4,3.8,4.8,-75.68,-81.95916667,6.279166667,,1,1
40.42875,-86.91835,4,4,40.42855,-86.91855,0,0,4,4,-67.529,-77.103,9.574,,1,1
40.42875,-86.91835,4,4,40.42865,-86.91855,1,0,4.2,4,-73.05125,-81.35875,8.3075,31.80333333,1,1
40.42875,-86.91835,4,4,40.42875,-86.91855,2,0,4.4,4,-76.892,-83.447,6.555,27.377,1,1
40.42875,-86.91835,4,4,40.42885,-86.91855,3,0,4.6,4,-80.851,-91.263,10.412,23.8525,0.833333333,0.833333333
40.42875,-86.91835,4,4,40.42895,-86.91855,4,0,4.8,4,-83.08833333,-98.61,15.52166667,21.18916667,0.857142857,0.857142857
40.42575,-86.91785,0,5,40.42565,-86.91805,1,0,0.2,5,-122.60875,-73.24227273,50.40875,13.16954545,0.636363636,0.636363636
40.42575,-86.91785,0,5,40.42565,-86.91795,1,1,0.2,5.2,-138.19,-75.85,62.305,11.06166667,1,1
40.42575,-86.91785,0,5,40.42565,-86.91785,1,2,0.2,5.4,-136.7625,-76.289,60.91375,9.928,1,1
40.42575,-86.91785,0,5,40.42565,-86.91775,1,3,0.2,5.6,-132.48,-76.0625,56.74,8.96375,1,1
40.42575,-86.91785,0,5,40.42575,-86.91805,2,0,0.4,5,-119.22125,-75.24423077,43.19375,14.375,0.656486371,0.656486371
40.42575,-86.91785,0,5,40.42575,-86.91795,2,1,0.4,5.2,-125.33,-76.95,47.53388889,13.06357143,0.75974026,0.75974026
40.42575,-86.91785,0,5,40.42575,-86.91785,2,2,0.4,5.4,-123.9294444,-75.46230769,48.89722222,12.54615385,0.923076923,0.923076923
40.42575,-86.91785,0,5,40.42575,-86.91775,2,3,0.4,5.6,-114.225,-74.676,40.63,12.639,1,1
40.42575,-86.91785,0,5,40.42585,-86.91805,3,0,0.6,5,-112.594375,-77.859375,34.735,16.66875,0.441790353,0.441790353
40.42575,-86.91785,0,5,40.42585,-86.91795,3,1,0.6,5.2,-114.7668182,-76.87454545,37.89227273,16.78136364,0.512396694,0.512396694
40.42575,-86.91785,0,5,40.42585,-86.91785,3,2,0.6,5.4,-109.238,-73.426,35.812,17.8795,0.9,0.9
40.42575,-86.91785,0,5,40.42585,-86.91775,3,3,0.6,5.6,-99.61625,-71.66125,27.955,18.845,1,1
40.42575,-86.91785,0,5,40.42595,-86.91805,4,0,0.8,5,-108.6383333,-76.33,32.30833333,16.81,0.666666667,0.666666667
40.42575,-86.91785,0,5,40.42595,-86.91795,4,1,0.8,5.2,-106.0607143,-75.04142857,31.01928571,19.48714286,0.714285714,0.714285714
40.42575,-86.91785,0,5,40.42595,-86.91785,4,2,0.8,5.4,-98.45055556,-73.69277778,24.75777778,20.45444444,1,1
40.42575,-86.91785,0,5,40.42595,-86.91775,4,3,0.8,5.6,-89.2175,-72.5725,16.645,20.50125,1,1
40.42675,-86.91785,1,5,40.42655,-86.91805,0,0,1,5,-102.7609091,-83.06090909,19.7,7.390454545,1,1
40.42675,-86.91785,1,5,40.42655,-86.91795,0,1,1,5.2,-101.9625,-83.256,18.42178571,7.333,0.995061728,0.995061728
40.42675,-86.91785,1,5,40.42655,-86.91785,0,2,1,5.4,-95.50214286,-83.1475,11.80071429,8.658125,0.990740741,0.990740741
40.42675,-86.91785,1,5,40.42655,-86.91775,0,3,1,5.6,-97.25,-84.98,12.27,10.33,1,1
40.42675,-86.91785,1,5,40.42665,-86.91805,1,0,1.2,5,-98.799,-83.85409091,16.9335,8.428636364,1,1
40.42675,-86.91785,1,5,40.42665,-86.91795,1,1,1.2,5.2,-96.92933333,-82.60633333,14.323,6.366666667,1,1
40.42675,-86.91785,1,5,40.42665,-86.91785,1,2,1.2,5.4,-94.1225,-84.969375,9.153125,8.21625,1,1
40.42675,-86.91785,1,5,40.42665,-86.91775,1,3,1.2,5.6,-98.79,-95.88,2.91,11.5,1,1
40.42675,-86.91785,1,5,40.42675,-86.91805,2,0,1.4,5,-94.09909091,-83.61666667,12.31181818,8.886666667,0.99726776,0.99726776
40.42675,-86.91785,1,5,40.42675,-86.91795,2,1,1.4,5.2,-94.3321875,-82.30875,12.0234375,6.9215625,0.99795082,0.99795082
40.42675,-86.91785,1,5,40.42675,-86.91785,2,2,1.4,5.4,-93.351,-84.1185,9.2325,7.8355,1,1
40.42675,-86.91785,1,5,40.42675,-86.91775,2,3,1.4,5.6,-95,-89.68,5.32,8.7,1,1
40.42675,-86.91785,1,5,40.42685,-86.91805,3,0,1.6,5,-93.09083333,-88.2025,5.604166667,6.907083333,0.930657459,0.930657459
40.42675,-86.91785,1,5,40.42685,-86.91795,3,1,1.6,5.2,-91.4175,-84.01458333,7.402916667,9.09375,0.995449468,0.995449468
40.42675,-86.91785,1,5,40.42685,-86.91785,3,2,1.6,5.4,-91.71388889,-83.04666667,8.667222222,8.005,1,1
40.42675,-86.91785,1,5,40.42685,-86.91775,3,3,1.6,5.6,-94.195,-87.76625,6.42875,7.21625,1,1
40.42675,-86.91785,1,5,40.42685,-86.91765,3,4,1.6,5.8,-95.585,-95.575,0.01,10.975,1,1
40.42675,-86.91785,1,5,40.42695,-86.91805,4,0,1.8,5,-94.89125,-89.55125,5.876875,8.9359375,0.934476168,0.934476168
40.42675,-86.91785,1,5,40.42695,-86.91795,4,1,1.8,5.2,-92.3865625,-85.64,6.7465625,9.606875,0.985769809,0.985769809
40.42675,-86.91785,1,5,40.42695,-86.91785,4,2,1.8,5.4,-91.47208333,-84.22916667,7.242916667,9.07875,0.991478023,0.991478023
40.42675,-86.91785,1,5,40.42695,-86.91775,4,3,1.8,5.6,-94.50954545,-91.02681818,4.155454545,9.478636364,0.999417249,0.999417249
40.42675,-86.91785,1,5,40.42695,-86.91765,4,4,1.8,5.8,-95.61166667,-95.18833333,1.896666667,9.683333333,1,1
40.42725,-86.91785,2,5,40.42705,-86.91805,0,0,2,5,-94.41384615,-88.775,5.638846154,9.9525,0.971941848,0.971941848
40.42725,-86.91785,2,5,40.42705,-86.91795,0,1,2,5.2,-93.9996875,-88.8375,5.1621875,8.631666667,0.986296795,0.986296795
40.42725,-86.91785,2,5,40.42705,-86.91785,0,2,2,5.4,-93.54583333,-88.72666667,4.82,9.535416667,0.988594105,0.988594105
40.42725,-86.91785,2,5,40.42705,-86.91775,0,3,2,5.6,-94.74125,-92.543125,2.9,9.535625,0.990365842,0.990365842
40.42725,-86.91785,2,5,40.42705,-86.91765,0,4,2,5.8,-95.673125,-94.875,2.164375,8.654375,0.983038619,0.983038619
40.42725,-86.91785,2,5,40.42715,-86.91805,1,0,2.2,5,-97.293,-95.364,2.241,9.118,0.999082569,0.999082569
40.42725,-86.91785,2,5,40.42715,-86.91795,1,1,2.2,5.2,-95.69269231,-94.43115385,3.299230769,9.127083333,0.998186577,0.998186577
40.42725,-86.91785,2,5,40.42715,-86.91785,1,2,2.2,5.4,-94.89833333,-92.46416667,4.511666667,8.798181818,0.997044095,0.997044095
40.42725,-86.91785,2,5,40.42715,-86.91775,1,3,2.2,5.6,-96.13125,-92.4703125,3.8996875,8.090625,0.982405718,0.982405718
40.42725,-86.91785,2,5,40.42715,-86.91765,1,4,2.2,5.8,-95.7875,-93.343125,2.923125,10.2546875,0.969774021,0.969774021
40.42725,-86.91785,2,5,40.42725,-86.91805,2,0,2.4,5,-92.27833333,-92.30666667,1.375,4.935,0.571428571,0.571428571
40.42725,-86.91785,2,5,40.42725,-86.91795,2,1,2.4,5.2,-91.02107143,-91.87142857,2.486785714,8.38125,0.885466397,0.885466397
40.42725,-86.91785,2,5,40.42725,-86.91785,2,2,2.4,5.4,-88.76666667,-88.72666667,3.761333333,12.30227273,0.951034163,0.951034163
40.42725,-86.91785,2,5,40.42725,-86.91775,2,3,2.4,5.6,-92.4525,-90.03111111,3.865833333,11.65029412,0.991134517,0.991134517
40.42725,-86.91785,2,5,40.42725,-86.91765,2,4,2.4,5.8,-93.06,-90.95352941,2.897058824,13.26882353,0.981992336,0.981992336
40.42725,-86.91785,2,5,40.42735,-86.91805,3,0,2.6,5,-86.798,-86.092,2.078,8.42875,0.571428571,0.428571429
40.42725,-86.91785,2,5,40.42735,-86.91795,3,1,2.6,5.2,-85.68,-84.39363636,3.184545455,9.345,0.864992964,0.788069887
40.42725,-86.91785,2,5,40.42735,-86.91785,3,2,2.6,5.4,-83.51375,-83.02833333,3.11375,14.17125,0.937075711,0.937075711
40.42725,-86.91785,2,5,40.42735,-86.91775,3,3,2.6,5.6,-87.4445,-88.858,2.4395,17.88625,1,1
40.42725,-86.91785,2,5,40.42735,-86.91765,3,4,2.6,5.8,-90.63625,-92.17875,2.36625,15.761875,1,1
40.42725,-86.91785,2,5,40.42745,-86.91805,4,0,2.8,5,-86.885,-84.47,2.415,16.67166667,0.637979094,0.285714286
40.42725,-86.91785,2,5,40.42745,-86.91795,4,1,2.8,5.2,-87.14222222,-85.09,3.033333333,11.3995,0.818161986,0.57060101
40.42725,-86.91785,2,5,40.42745,-86.91785,4,2,2.8,5.4,-86.54909091,-84.93863636,2.413181818,9.6575,0.904795367,0.821462033
40.42725,-86.91785,2,5,40.42745,-86.91775,4,3,2.8,5.6,-88.844,-89.0715,1.2755,10.480625,0.986913026,0.986913026
40.42725,-86.91785,2,5,40.42745,-86.91765,4,4,2.8,5.8,-92.26375,-93.645,1.6725,9.601428571,1,1
40.42775,-86.91785,3,5,40.42755,-86.91795,0,1,3,5.2,-83.639,-85.863,2.224,11.458,0.751034256,0.404448891
40.42775,-86.91785,3,5,40.42755,-86.91785,0,2,3,5.4,-84.394375,-85.613125,1.77875,10.645,0.872624352,0.761513241
40.42775,-86.91785,3,5,40.42755,-86.91775,0,3,3,5.6,-87.08818182,-87.54136364,1.072272727,11.56,0.978102751,0.978102751
40.42775,-86.91785,3,5,40.42755,-86.91765,0,4,3,5.8,-87.687,-88.615,1.161,13.080625,0.995,0.995
40.42775,-86.91785,3,5,40.42765,-86.91795,1,1,3.2,5.2,-81.325,-83.955,2.63,18.2675,0.92,0.5
40.42775,-86.91785,3,5,40.42765,-86.91785,1,2,3.2,5.4,-81.85666667,-83.90416667,2.0475,20.93375,0.891035354,0.721035354
40.42775,-86.91785,3,5,40.42765,-86.91775,1,3,3.2,5.6,-88.51444444,-89.90555556,1.508888889,20.67875,0.833480257,0.833480257
40.42775,-86.91785,3,5,40.42765,-86.91765,1,4,3.2,5.8,-87.1195,-88.165,1.5085,19.861875,0.865260736,0.865260736
40.42775,-86.91785,3,5,40.42775,-86.91795,2,1,3.4,5.2,-82.37625,-82.05375,2.1725,18.065,0.743952776,0.391699811
40.42775,-86.91785,3,5,40.42775,-86.91785,2,2,3.4,5.4,-82.42214286,-82.22142857,1.859285714,19.23833333,0.765058778,0.567760899
40.42775,-86.91785,3,5,40.42775,-86.91775,2,3,3.4,5.6,-88.03666667,-88.765,1.645,22.88833333,0.685563509,0.685563509
40.42775,-86.91785,3,5,40.42775,-86.91765,2,4,3.4,5.8,-88.125,-88.787,1.588,23.3275,0.679141104,0.679141104
40.42775,-86.91785,3,5,40.42785,-86.91805,3,0,3.6,5,-83.545,-88.22,4.675,22.91,0.666666667,0.666666667
40.42775,-86.91785,3,5,40.42785,-86.91795,3,1,3.6,5.2,-81.451875,-83.429375,3.225,19.36214286,0.707826004,0.634164487
40.42775,-86.91785,3,5,40.42785,-86.91785,3,2,3.6,5.4,-81.377,-82.5745,2.6395,16.73222222,0.781507411,0.713984354
40.42775,-86.91785,3,5,40.42785,-86.91775,3,3,3.6,5.6,-82.31125,-83.6875,2.48625,12.655,0.718400578,0.718400578
40.42775,-86.91785,3,5,40.42785,-86.91765,3,4,3.6,5.8,-86.925,-87.37,0.445,4.83,0.5,0.5
40.42775,-86.91785,3,5,40.42795,-86.91805,4,0,3.8,5,-81.87833333,-87.51,5.631666667,21.825,0.75,0.75
40.42775,-86.91785,3,5,40.42795,-86.91795,4,1,3.8,5.2,-80.60777778,-85.40166667,4.793888889,21.19357143,0.768228278,0.768228278
40.42775,-86.91785,3,5,40.42795,-86.91785,4,2,3.8,5.4,-80.01944444,-84.47333333,4.453888889,19.57666667,0.815072519,0.815072519
40.42775,-86.91785,3,5,40.42795,-86.91775,4,3,3.8,5.6,-80.11333333,-84.725,4.611666667,12.755,0.900071378,0.900071378
40.42775,-86.91785,3,5,40.42795,-86.91765,4,4,3.8,5.8,-86.925,-87.37,0.445,4.83,1,1
40.42825,-86.91785,3,5,40.42805,-86.91805,0,0,3,5,-78.3625,-85.42,7.0575,21.825,0.666666667,0.666666667
40.42825,-86.91785,3,5,40.42805,-86.91795,0,1,3,5.2,-79.48,-85.38833333,5.908333333,21.519,0.70825686,0.70825686
40.42825,-86.91785,3,5,40.42805,-86.91785,0,2,3,5.4,-79.57642857,-85.41857143,5.842142857,21.315,0.83325686,0.83325686
40.42825,-86.91785,3,5,40.42805,-86.91775,0,3,3,5.6,-78.96,-85.48,6.52,,1,1
40.42825,-86.91785,3,5,40.42815,-86.91805,1,0,3.2,5,-77.64642857,-87.71857143,10.07214286,12.91166667,1,1
40.42825,-86.91785,3,5,40.42815,-86.91795,1,1,3.2,5.2,-78.154,-90.706,12.552,15.575,1,0.857142857
40.42825,-86.91785,3,5,40.42815,-86.91785,1,2,3.2,5.4,-79.63083333,-89.33416667,9.703333333,,1,0.857142857
40.42825,-86.91785,3,5,40.42815,-86.91775,1,3,3.2,5.6,-80.42428571,-92.08428571,11.66,,0.992063492,0.992063492
40.42825,-86.91785,3,5,40.42815,-86.91765,1,4,3.2,5.8,-81.05875,-94.69125,13.6325,,0.986111111,0.986111111
40.42825,-86.91785,3,5,40.42825,-86.91805,2,0,3.4,5,-78.023125,-87.21625,9.193125,12.4975,1,1
40.42825,-86.91785,3,5,40.42825,-86.91795,2,1,3.4,5.2,-79.255625,-88.776875,9.52125,19.818,1,0.9
40.42825,-86.91785,3,5,40.42825,-86.91785,2,2,3.4,5.4,-80.280625,-88.590625,8.31,22.78666667,1,0.888888889
40.42825,-86.91785,3,5,40.42825,-86.91775,2,3,3.4,5.6,-81.233,-91.6735,10.4405,16.62625,0.994444444,0.994444444
40.42825,-86.91785,3,5,40.42825,-86.91765,2,4,3.4,5.8,-81.645,-93.075625,11.430625,17.975,0.993055556,0.993055556
40.42825,-86.91785,3,5,40.42835,-86.91805,3,0,3.6,5,-76.295,-83.65857143,7.363571429,11.255,1,1
40.42825,-86.91785,3,5,40.42835,-86.91795,3,1,3.6,5.2,-78.136,-84.305,6.390555556,20.25,0.9,0.9
40.42825,-86.91785,3,5,40.42835,-86.91785,3,2,3.6,5.4,-80.331875,-85.68142857,5.320714286,20.40142857,0.875,0.875
40.42825,-86.91785,3,5,40.42835,-86.91775,3,3,3.6,5.6,-81.71333333,-89.52277778,7.809444444,18.47611111,1,1
40.42825,-86.91785,3,5,40.42835,-86.91765,3,4,3.6,5.8,-81.77,-91.029375,9.259375,18.36625,1,1
40.42825,-86.91785,3,5,40.42845,-86.91805,4,0,3.8,5,-75.5675,-83.65166667,8.084166667,,1,0.857142857
40.42825,-86.91785,3,5,40.42845,-86.91795,4,1,3.8,5.2,-76.86928571,-83.67666667,7.350833333,16.655,0.875,0.75
40.42825,-86.91785,3,5,40.42845,-86.91785,4,2,3.8,5.4,-79.83571429,-86.24166667,6.455,21.30166667,0.857142857,0.857142857
40.42825,-86.91785,3,5,40.42845,-86.91775,4,3,3.8,5.6,-80.95928571,-89.13714286,8.177857143,21.87714286,1,1
40.42825,-86.91785,3,5,40.42845,-86.91765,4,4,3.8,5.8,-81.30875,-90.59875,9.29,18.7575,1,1
40.42875,-86.91785,4,5,40.42855,-86.91785,0,2,4,5.4,-79.74875,-87.4225,7.67375,26.68,1,1
40.42875,-86.91785,4,5,40.42855,-86.91775,0,3,4,5.6,-79.74875,-87.4225,7.67375,26.68,1,1
40.42875,-86.91785,4,5,40.42865,-86.91785,1,2,4.2,5.4,-78.11625,-89.42,11.30375,29.7525,1,1
40.42875,-86.91785,4,5,40.42865,-86.91775,1,3,4.2,5.6,-78.11625,-89.42,11.30375,29.7525,1,1
40.42875,-86.91785,4,5,40.42875,-86.91795,2,1,4.4,5.2,-79.8775,-119.875,39.9975,12.66,1,0.333333333
40.42875,-86.91785,4,5,40.42875,-86.91785,2,2,4.4,5.4,-77.25357143,-110.2357143,32.98214286,19.0025,1,1
40.42875,-86.91785,4,5,40.42875,-86.91775,2,3,4.4,5.6,-76.204,-106.38,30.176,22.17375,1,1
40.42875,-86.91785,4,5,40.42885,-86.91795,3,1,4.6,5.2,-77.675,-106.18,28.505,13.52416667,1,0.75
40.42875,-86.91785,4,5,40.42885,-86.91785,3,2,4.6,5.4,-76.97444444,-111.4305556,34.45611111,12.89333333,1,1
40.42875,-86.91785,4,5,40.42885,-86.91775,3,3,4.6,5.6,-75.57333333,-121.9316667,46.35833333,11.63166667,1,1
40.42875,-86.91785,4,5,40.42895,-86.91795,4,1,4.8,5.2,-76.57375,-99.3325,22.75875,13.95625,1,0.8
40.42875,-86.91785,4,5,40.42895,-86.91785,4,2,4.8,5.4,-77.66714286,-100.9121429,23.245,11.67714286,1,1
40.42875,-86.91785,4,5,40.42895,-86.91775,4,3,4.8,5.6,-79.125,-103.0183333,23.89333333,8.638333333,1,1
40.42575,-86.91735,0,6,40.42575,-86.91735,2,2,0.4,6.4,-113.025,-71.5425,42.55,17.695,1,1
40.42575,-86.91735,0,6,40.42575,-86.91725,2,3,0.4,6.6,-111.8075,-70.77833333,40.3025,19.9,1,1
40.42575,-86.91735,0,6,40.42575,-86.91715,2,4,0.4,6.8,-114.9866667,-71.1025,42.99333333,,1,1
40.42575,-86.91735,0,6,40.42585,-86.91735,3,2,0.6,6.4,-113.779,-77.81571429,35.283,16.215,1,1
40.42575,-86.91735,0,6,40.42585,-86.91725,3,3,0.6,6.6,-112.345625,-78.7775,33.568125,15.973,1,1
40.42575,-86.91735,0,6,40.42585,-86.91715,3,4,0.6,6.8,-113.4125,-77.1625,36.25,13.565,1,1
40.42575,-86.91735,0,6,40.42595,-86.91745,4,1,0.8,6.2,-129.555,-75.19,55.385,14.625,1,1
40.42575,-86.91735,0,6,40.42595,-86.91735,4,2,0.8,6.4,-114.7094444,-82.12,32.04611111,13.8015,1,1
40.42575,-86.91735,0,6,40.42595,-86.91725,4,3,0.8,6.6,-108.1718182,-87.155,21.01681818,15.31545455,1,1
40.42575,-86.91735,0,6,40.42595,-86.91715,4,4,0.8,6.8,-104.15375,-90.76875,13.385,18.5825,1,1
40.42725,-86.91735,2,6,40.42705,-86.91755,0,0,2,6,-97.004375,-98.4453125,2.2321875,8.3103125,0.989581647,0.989581647
40.42725,-86.91735,2,6,40.42705,-86.91745,0,1,2,6.2,-97.658125,-99.510625,2.45125,10.341875,0.999656593,0.999656593
40.42725,-86.91735,2,6,40.42705,-86.91735,0,2,2,6.4,-96.716875,-99.5765625,2.8596875,9.513125,0.999656593,0.999656593
40.42725,-86.91735,2,6,40.42705,-86.91725,0,3,2,6.6,-95.751875,-98.6915625,2.9865625,9.1653125,0.935685484,0.935685484
40.42725,-86.91735,2,6,40.42705,-86.91715,0,4,2,6.8,-94.90045455,-97.87136364,3.039090909,10.1015,0.914247312,0.914247312
40.42725,-86.91735,2,6,40.42715,-86.91755,1,0,2.2,6,-93.3421875,-93.6509375,2.4,12.4603125,0.941130224,0.941130224
40.42725,-86.91735,2,6,40.42715,-86.91745,1,1,2.2,6.2,-90.3290625,-91.636875,2.9821875,11.6046875,0.964004687,0.964004687
40.42725,-86.91735,2,6,40.42715,-86.91735,1,2,2.2,6.4,-87.0725,-89.373125,2.920625,11.04933333,0.989696206,0.989696206
40.42725,-86.91735,2,6,40.42715,-86.91725,1,3,2.2,6.6,-85.7071875,-88.9225,3.4453125,13.16821429,0.992594161,0.992594161
40.42725,-86.91735,2,6,40.42715,-86.91715,1,4,2.2,6.8,-85.46875,-88.91708333,3.755,14.15681818,0.986132739,0.986132739
40.42725,-86.91735,2,6,40.42725,-86.91755,2,0,2.4,6,-88.94611111,-88.86972222,2.208055556,14.48647059,0.867409484,0.867409484
40.42725,-86.91735,2,6,40.42725,-86.91745,2,1,2.4,6.2,-85.72675,-85.8745,2.64325,12.45236842,0.908061645,0.908061645
40.42725,-86.91735,2,6,40.42725,-86.91735,2,2,2.4,6.4,-82.55625,-83.8755,2.63075,14.41421053,0.942245612,0.942245612
40.42725,-86.91735,2,6,40.42725,-86.91725,2,3,2.4,6.6,-81.01625,-84.7065,3.91675,21.25833333,0.973774617,0.973774617
40.42725,-86.91735,2,6,40.42725,-86.91715,2,4,2.4,6.8,-80.52266667,-85.73933333,5.462,23.37607143,0.986660493,0.986660493
40.42725,-86.91735,2,6,40.42735,-86.91755,3,0,2.6,6,-84.77083333,-85.39083333,1.643333333,12.57333333,0.799728328,0.799728328
40.42725,-86.91735,2,6,40.42735,-86.91745,3,1,2.6,6.2,-83.419375,-82.939375,1.8875,11.39533333,0.822483363,0.822483363
40.42725,-86.91735,2,6,40.42735,-86.91735,3,2,2.6,6.4,-82.2103125,-81.4971875,1.85375,14.64625,0.88179406,0.88179406
40.42725,-86.91735,2,6,40.42735,-86.91725,3,3,2.6,6.6,-80.97133333,-82.68066667,2.740666667,21.339,0.957775921,0.957775921
40.42725,-86.91735,2,6,40.42735,-86.91715,3,4,2.6,6.8,-80.028,-84.4325,5.0805,26.0685,0.996631453,0.996631453
40.42725,-86.91735,2,6,40.42745,-86.91755,4,0,2.8,6,-86.9465,-88.257,1.9785,9.335,0.875162247,0.875162247
40.42725,-86.91735,2,6,40.42745,-86.91745,4,1,2.8,6.2,-84.3,-85.465,2.286333333,8.588333333,0.86746881,0.86746881
40.42725,-86.91735,2,6,40.42745,-86.91735,4,2,2.8,6.4,-84.1353125,-85.0246875,2.436875,9.4175,0.930168149,0.930168149
40.42725,-86.91735,2,6,40.42745,-86.91725,4,3,2.8,6.6,-84.12461538,-84.85461538,1.854615385,11.13961538,0.980572535,0.980572535
40.42725,-86.91735,2,6,40.42745,-86.91715,4,4,2.8,6.8,-85.43285714,-86.29714286,1.83,13.27642857,1,1
40.42775,-86.91735,3,6,40.42755,-86.91755,0,0,3,6,-83.65,-85.16772727,1.705,12.14863636,0.973309571,0.973309571
40.42775,-86.91735,3,6,40.42755,-86.91745,0,1,3,6.2,-83.681,-85.97866667,2.458333333,8.840666667,0.971719652,0.971719652
40.42775,-86.91735,3,6,40.42755,-86.91735,0,2,3,6.4,-83.88233333,-87.53166667,3.672666667,7.805666667,0.985217591,0.985217591
40.42775,-86.91735,3,6,40.42755,-86.91725,0,3,3,6.6,-84.16222222,-87.69777778,3.535555556,9.049444444,0.99719888,0.99719888
40.42775,-86.91735,3,6,40.42755,-86.91715,0,4,3,6.8,-88.36333333,-90.825,2.461666667,9.963333333,1,1
40.42775,-86.91735,3,6,40.42765,-86.91755,1,0,3.2,6,-82.06066667,-83.13733333,1.913333333,13.10107143,0.990131965,0.990131965
40.42775,-86.91735,3,6,40.42765,-86.91745,1,1,3.2,6.2,-84.0034375,-86.5353125,2.55375,8.479375,0.991707195,0.991707195
40.42775,-86.91735,3,6,40.42765,-86.91735,1,2,3.2,6.4,-84.29566667,-88.258,3.985666667,5.987,0.9886304,0.9886304
40.42775,-86.91735,3,6,40.42765,-86.91725,1,3,3.2,6.6,-83.2975,-87.985,4.6875,4.539,0.978448238,0.978448238
40.42775,-86.91735,3,6,40.42765,-86.91715,1,4,3.2,6.8,-82.77,-87.54666667,4.776666667,2.215,0.943502825,0.943502825
40.42775,-86.91735,3,6,40.42775,-86.91755,2,0,3.4,6,-82.637,-84.389,3.007,10.32277778,0.992606201,0.992606201
40.42775,-86.91735,3,6,40.42775,-86.91745,2,1,3.4,6.2,-84.59178571,-88.10035714,3.508571429,5.858214286,0.963830699,0.963830699
40.42775,-86.91735,3,6,40.42775,-86.91735,2,2,3.4,6.4,-85.07,-88.8934375,3.8234375,4.1134375,0.937098836,0.937098836
40.42775,-86.91735,3,6,40.42775,-86.91725,2,3,3.4,6.6,-84.81916667,-88.75833333,3.939166667,3.28875,0.881705005,0.881705005
40.42775,-86.91735,3,6,40.42775,-86.91715,2,4,3.4,6.8,-84.745,-88.365,3.62,2.73375,0.770127119,0.770127119
40.42775,-86.91735,3,6,40.42785,-86.91755,3,0,3.6,6,-84.788,-88.383,3.739,4.72,1,1
40.42775,-86.91735,3,6,40.42785,-86.91745,3,1,3.6,6.2,-84.73681818,-89.51681818,4.78,4.269090909,0.947369527,0.947369527
40.42775,-86.91735,3,6,40.42785,-86.91735,3,2,3.6,6.4,-85.4809375,-89.791875,4.3109375,4.0278125,0.916851182,0.916851182
40.42775,-86.91735,3,6,40.42785,-86.91725,3,3,3.6,6.6,-87.48416667,-91.9425,4.458333333,3.847083333,0.853158526,0.853158526
40.42775,-86.91735,3,6,40.42785,-86.91715,3,4,3.6,6.8,-91.21125,-96.015,4.80375,3.02875,0.734179432,0.734179432
40.42775,-86.91735,3,6,40.42795,-86.91755,4,0,3.8,6,-89.52375,-91.415,2.07125,4.15125,1,1
40.42775,-86.91735,3,6,40.42795,-86.91745,4,1,3.8,6.2,-86.11625,-92.55375,6.4375,4.65,0.972254072,0.972254072
40.42775,-86.91735,3,6,40.42795,-86.91735,4,2,3.8,6.4,-85.83107143,-91.915,6.083928571,4.915714286,0.963924247,0.963924247
40.42775,-86.91735,3,6,40.42795,-86.91725,4,3,3.8,6.6,-88.91692308,-94.34538462,5.428461538,4.855769231,0.953039237,0.953039237
40.42775,-86.91735,3,6,40.42795,-86.91715,4,4,3.8,6.8,-91.937,-97.82,5.883,4.387,0.928971452,0.928971452
40.42825,-86.91735,3,6,40.42805,-86.91755,0,0,3,6,-91.765,-95.505,3.74,4.785,1,1
40.42825,-86.91735,3,6,40.42805,-86.91745,0,1,3,6.2,-85.415625,-94.031875,8.61625,5.34875,0.990725233,0.990725233
40.42825,-86.91735,3,6,40.42805,-86.91735,0,2,3,6.4,-84.88714286,-93.66714286,8.78,5.734642857,0.976072147,0.976072147
40.42825,-86.91735,3,6,40.42805,-86.91725,0,3,3,6.6,-88.36269231,-95.59038462,7.227692308,5.196071429,0.889933247,0.889933247
40.42825,-86.91735,3,6,40.42805,-86.91715,0,4,3,6.8,-92.018,-98.516,6.498,4.28,0.786642877,0.786642877
40.42825,-86.91735,3,6,40.42815,-86.91755,1,0,3.2,6,-81.0225,-101.26875,20.24625,11.6175,0.9125,0.9125
40.42825,-86.91735,3,6,40.42815,-86.91745,1,1,3.2,6.2,-81.09875,-102.3177273,21.40409091,9.849444444,0.929525675,0.929525675
40.42825,-86.91735,3,6,40.42815,-86.91735,1,2,3.2,6.4,-80.194,-101.3257143,21.34178571,7.8175,0.976788391,0.976788391
40.42825,-86.91735,3,6,40.42815,-86.91725,1,3,3.2,6.6,-79.80192308,-105.3380769,25.53615385,6.579285714,0.913815071,0.913815071
40.42825,-86.91735,3,6,40.42815,-86.91715,1,4,3.2,6.8,-81.28214286,-115.05,33.76785714,5.483125,0.874486653,0.874486653
40.42825,-86.91735,3,6,40.42825,-86.91755,2,0,3.4,6,-81.17818182,-99.17090909,17.99272727,12.255,0.936363636,0.936363636
40.42825,-86.91735,3,6,40.42825,-86.91745,2,1,3.4,6.2,-81.10384615,-102.2183333,21.28375,10.2275,0.94029757,0.94029757
40.42825,-86.91735,3,6,40.42825,-86.91735,2,2,3.4,6.4,-79.47233333,-104.4878571,25.27714286,8.143571429,0.991745598,0.991745598
40.42825,-86.91735,3,6,40.42825,-86.91725,2,3,3.4,6.6,-78.745,-109.4,30.655,6.975357143,0.996300627,0.996300627
40.42825,-86.91735,3,6,40.42825,-86.91715,2,4,3.4,6.8,-80.24875,-116.165,35.91625,6.08125,0.999486653,0.999486653
40.42825,-86.91735,3,6,40.42835,-86.91755,3,0,3.6,6,-81.71,-92.42214286,10.71214286,13.19714286,1,1
40.42825,-86.91735,3,6,40.42835,-86.91745,3,1,3.6,6.2,-82.053125,-94.83071429,12.67714286,10.05375,0.999577703,0.999577703
40.42825,-86.91735,3,6,40.42835,-86.91735,3,2,3.6,6.4,-80.32090909,-105.054375,25.044375,9.198636364,0.999692875,0.999692875
40.42825,-86.91735,3,6,40.42835,-86.91725,3,3,3.6,6.6,-78.70954545,-114.1307143,36.23,8.535909091,1,1
40.42825,-86.91735,3,6,40.42835,-86.91715,3,4,3.6,6.8,-78.27416667,-113.6833333,36.35333333,8.27,1,1
40.42825,-86.91735,3,6,40.42845,-86.91755,4,0,3.8,6,-81.7975,-91.55625,9.75875,13.26625,1,1
40.42825,-86.91735,3,6,40.42845,-86.91745,4,1,3.8,6.2,-81.92583333,-93.17375,11.0125,10.6425,1,1
40.42825,-86.91735,3,6,40.42845,-86.91735,4,2,3.8,6.4,-80.68777778,-103.61875,23.32125,10.19,1,1
40.42825,-86.91735,3,6,40.42845,-86.91725,4,3,3.8,6.6,-79.163125,-117.2716667,39.66666667,9.596875,1,1
40.42825,-86.91735,3,6,40.42845,-86.91715,4,4,3.8,6.8,-78.39875,-123.88,47.94,8.80625,1,1
40.42875,-86.91735,4,6,40.42855,-86.91745,0,1,4,6.2,-81.56,,,10.59,1,1
40.42875,-86.91735,4,6,40.42855,-86.91735,0,2,4,6.4,-76.90625,,,12.84,1,1
40.42875,-86.91735,4,6,40.42855,-86.91725,0,3,4,6.6,-75.355,,,13.59,1,1
40.42875,-86.91735,4,6,40.42865,-86.91745,1,1,4.2,6.2,-72.8075,,,15.5,1,1
40.42875,-86.91735,4,6,40.42865,-86.91735,1,2,4.2,6.4,-72.12833333,,,15.57666667,1,1
40.42875,-86.91735,4,6,40.42865,-86.91725,1,3,4.2,6.6,-70.77,,,15.73,1,1
40.42875,-86.91735,4,6,40.42875,-86.91745,2,1,4.4,6.2,-73.56833333,,,15.45333333,1,1
40.42875,-86.91735,4,6,40.42875,-86.91735,2,2,4.4,6.4,-71.75071429,-154.975,81.045,15.00285714,1,1
40.42875,-86.91735,4,6,40.42875,-86.91725,2,3,4.4,6.6,-70.3875,-154.975,81.045,14.665,1,1
40.42875,-86.91735,4,6,40.42885,-86.91745,3,1,4.6,6.2,-74.26,-145.23,71.8,14.365,0.5,0.5
40.42875,-86.91735,4,6,40.42885,-86.91735,3,2,4.6,6.4,-71.82,-150.1025,76.4225,14.85,0.857142857,0.857142857
40.42875,-86.91735,4,6,40.42885,-86.91725,3,3,4.6,6.6,-70.844,-154.975,81.045,15.044,1,1
40.42875,-86.91735,4,6,40.42895,-86.91745,4,1,4.8,6.2,-74.00833333,-138.965,65.525,15.38,0,0
40.42875,-86.91735,4,6,40.42895,-86.91735,4,2,4.8,6.4,-73.67375,-138.965,65.525,15.675,0.25,0.25
40.42875,-86.91735,4,6,40.42895,-86.91725,4,3,4.8,6.6,-72.67,,,16.56,1,1
40.42575,-86.91685,0,7,40.42555,-86.91675,0,3,0,7.6,-100.493,-83.145,17.348,11.00625,0.904848485,0.904848485
40.42575,-86.91685,0,7,40.42555,-86.91665,0,4,0,7.8,-100.493,-83.145,17.348,11.00625,0.904848485,0.904848485
40.42575,-86.91685,0,7,40.42565,-86.91705,1,0,0.2,7,-86.40666667,-73.83833333,12.56833333,19.85,1,1
40.42575,-86.91685,0,7,40.42565,-86.91695,1,1,0.2,7.2,-82.1575,-76.4925,6.415,18.3225,1,1
40.42575,-86.91685,0,7,40.42565,-86.91685,1,2,0.2,7.4,-80.435,-79.07,2.85,13.43,1,1
40.42575,-86.91685,0,7,40.42565,-86.91675,1,3,0.2,7.6,-93.340625,-80.269375,13.43875,12.825,0.949240018,0.949240018
40.42575,-86.91685,0,7,40.42565,-86.91665,1,4,0.2,7.8,-95.766875,-80.805625,14.96125,12.84285714,0.949240018,0.949240018
40.42575,-86.91685,0,7,40.42575,-86.91705,2,0,0.4,7,-89.189,-71.4805,17.7085,43.19,1,1
40.42575,-86.91685,0,7,40.42575,-86.91695,2,1,0.4,7.2,-82.58863636,-73.50318182,9.358181818,30.494,1,1
40.42575,-86.91685,0,7,40.42575,-86.91685,2,2,0.4,7.4,-81.7785,-76.938,5.4345,17.91571429,1,1
40.42575,-86.91685,0,7,40.42575,-86.91675,2,3,0.4,7.6,-86.64892857,-78.39071429,8.468214286,14.71454545,0.97499363,0.97499363
40.42575,-86.91685,0,7,40.42575,-86.91665,2,4,0.4,7.8,-89.11192308,-79.34961538,9.762307692,14.57636364,0.973070063,0.973070063
40.42575,-86.91685,0,7,40.42585,-86.91705,3,0,0.6,7,-90.38142857,-70.47,19.91142857,66.53,1,1
40.42575,-86.91685,0,7,40.42585,-86.91695,3,1,0.6,7.2,-82.835,-71.795,11.04,38.60833333,1,1
40.42575,-86.91685,0,7,40.42585,-86.91685,3,2,0.6,7.4,-85.161875,-75.94875,9.213125,21.28,1,1
40.42575,-86.91685,0,7,40.42585,-86.91675,3,3,0.6,7.6,-85.90916667,-76.41875,9.490416667,23.83642857,0.982260517,0.982260517
40.42575,-86.91685,0,7,40.42585,-86.91665,3,4,0.6,7.8,-86.05272727,-77.13227273,8.920454545,23.68111111,0.9780787,0.9780787
40.42575,-86.91685,0,7,40.42595,-86.91685,4,2,0.8,7.4,-92.625,-77.245,15.38,,1,1
40.42575,-86.91685,0,7,40.42595,-86.91675,4,3,0.8,7.6,-92.79555556,-73.84388889,18.95166667,44.302,0.966967923,0.966967923
40.42575,-86.91685,0,7,40.42595,-86.91665,4,4,0.8,7.8,-91.91636364,-73.39545455,18.52090909,40.06444444,0.970404618,0.970404618
40.42725,-86.91685,2,7,40.42705,-86.91705,0,0,2,7,-93.93423077,-97.84269231,3.956153846,14.518125,0.929091243,0.929091243
40.42725,-86.91685,2,7,40.42705,-86.91695,0,1,2,7.2,-95.30136364,-97.70727273,2.765909091,16.115625,0.780366941,0.780366941
40.42725,-86.91685,2,7,40.42705,-86.91685,0,2,2,7.4,-88.2905,-92.7945,4.838,14.458125,0.798876698,0.798876698
40.42725,-86.91685,2,7,40.42705,-86.91675,0,3,2,7.6,-81.59346154,-91.34653846,9.753076923,15.86818182,0.858973962,0.858973962
40.42725,-86.91685,2,7,40.42705,-86.91665,0,4,2,7.8,-80.746,-92.016,11.27,15.01277778,0.847166151,0.847166151
40.42725,-86.91685,2,7,40.42715,-86.91705,1,0,2.2,7,-84.87833333,-92.615,7.736666667,12.96571429,0.930435384,0.930435384
40.42725,-86.91685,2,7,40.42715,-86.91695,1,1,2.2,7.2,-82.474,-93.38,10.906,15.84888889,0.908421065,0.908421065
40.42725,-86.91685,2,7,40.42715,-86.91685,1,2,2.2,7.4,-79.36142857,-91.84428571,12.48285714,15.09071429,1,1
40.42725,-86.91685,2,7,40.42715,-86.91675,1,3,2.2,7.6,-79.38541667,-93.9575,14.57208333,14.8225,1,1
40.42725,-86.91685,2,7,40.42715,-86.91665,1,4,2.2,7.8,-78.69083333,-95.19583333,16.505,14.37291667,1,1
40.42725,-86.91685,2,7,40.42725,-86.91705,2,0,2.4,7,-79.8525,-87.84,8.1865,17.79575,0.987682517,0.987682517
40.42725,-86.91685,2,7,40.42725,-86.91695,2,1,2.4,7.2,-78.60375,-88.6765625,10.3215625,18.827,0.99676513,0.99676513
40.42725,-86.91685,2,7,40.42725,-86.91685,2,2,2.4,7.4,-77.72857143,-89.74642857,12.01785714,14.92961538,1,1
40.42725,-86.91685,2,7,40.42725,-86.91675,2,3,2.4,7.6,-78.37333333,-93.15388889,14.78055556,13.4575,1,1
40.42725,-86.91685,2,7,40.42725,-86.91665,2,4,2.4,7.8,-78.17066667,-96.95133333,18.78066667,13.642,1,1
40.42725,-86.91685,2,7,40.42735,-86.91705,3,0,2.6,7,-79.0975,-85.45892857,7.128571429,19.88785714,0.984285972,0.984285972
40.42725,-86.91685,2,7,40.42735,-86.91695,3,1,2.6,7.2,-77.59045455,-85.97909091,8.750454545,19.34388889,0.994236268,0.994236268
40.42725,-86.91685,2,7,40.42735,-86.91685,3,2,2.6,7.4,-77.3415,-89.608,12.2665,15.19625,1,1
40.42725,-86.91685,2,7,40.42735,-86.91675,3,3,2.6,7.6,-79.81269231,-94.68153846,14.86884615,14.05076923,1,1
40.42725,-86.91685,2,7,40.42735,-86.91665,3,4,2.6,7.8,-78.94272727,-102.153,22.736,13.91545455,1,1
40.42725,-86.91685,2,7,40.42745,-86.91705,4,0,2.8,7,-85.8825,-88.955,5.835,14.176875,0.989164928,0.989164928
40.42725,-86.91685,2,7,40.42745,-86.91695,4,1,2.8,7.2,-80.57625,-89.21875,8.6425,11.44333333,0.995247148,0.995247148
40.42725,-86.91685,2,7,40.42745,-86.91685,4,2,2.8,7.4,-77.71833333,-104.746,26.878,12.587,1,1
40.42725,-86.91685,2,7,40.42745,-86.91675,4,3,2.8,7.6,-78.41625,-113.7,35.15227273,13.54333333,1,1
40.42725,-86.91685,2,7,40.42745,-86.91665,4,4,2.8,7.8,-76.20909091,-122.4111111,45.29777778,14.61545455,1,1
40.42825,-86.91685,3,7,40.42805,-86.91695,0,1,3,7.2,-77.20833333,-131.1633333,53.955,9.753333333,1,1
40.42825,-86.91685,3,7,40.42805,-86.91685,0,2,3,7.4,-76.89208333,-123.81,46.91791667,9.91375,1,1
40.42825,-86.91685,3,7,40.42805,-86.91675,0,3,3,7.6,-77.30409091,-112.5786364,35.27454545,10.10045455,1,1
40.42825,-86.91685,3,7,40.42805,-86.91665,0,4,3,7.8,-77.944375,-101.73625,23.791875,10.824375,1,1
40.42825,-86.91685,3,7,40.42815,-86.91705,1,0,3.2,7,-80.88625,-142.824,61.458,4.45625,1,1
40.42825,-86.91685,3,7,40.42815,-86.91695,1,1,3.2,7.2,-79.00388889,-147.6908333,69.37333333,6.541111111,1,1
40.42825,-86.91685,3,7,40.42815,-86.91685,1,2,3.2,7.4,-77.11045455,-127.389,50.8225,8.607727273,1,1
40.42825,-86.91685,3,7,40.42815,-86.91675,1,3,3.2,7.6,-76.74458333,-117.4058333,40.66125,8.894583333,1,1
40.42825,-86.91685,3,7,40.42815,-86.91665,1,4,3.2,7.8,-76.34333333,-119.733125,43.243125,9.523333333,1,1
40.42825,-86.91685,3,7,40.42825,-86.91705,2,0,3.4,7,-80.88625,-142.824,61.458,4.45625,1,1
40.42825,-86.91685,3,7,40.42825,-86.91695,2,1,3.4,7.2,-78.415,-149.1075,71.67333333,6.057777778,1,1
40.42825,-86.91685,3,7,40.42825,-86.91685,2,2,3.4,7.4,-75.70791667,-132.4136364,57.32772727,8.643333333,1,1
40.42825,-86.91685,3,7,40.42825,-86.91675,2,3,3.4,7.6,-75.80214286,-122.9423077,47.19115385,9.080357143,1,1
40.42825,-86.91685,3,7,40.42825,-86.91665,2,4,3.4,7.8,-75.96181818,-121.635625,45.364375,9.860454545,1,1
40.42825,-86.91685,3,7,40.42835,-86.91705,3,0,3.6,7,-78.315,-149.46,71.815,10.6875,1,1
40.42825,-86.91685,3,7,40.42835,-86.91695,3,1,3.6,7.2,-75.883,-143.46,67.93125,10.227,1,1
40.42825,-86.91685,3,7,40.42835,-86.91685,3,2,3.6,7.4,-72.99833333,-135.2858333,62.2875,10.535,1,1
40.42825,-86.91685,3,7,40.42835,-86.91675,3,3,3.6,7.6,-74.17111111,-137.9735714,64.43928571,10.64277778,1,1
40.42825,-86.91685,3,7,40.42835,-86.91665,3,4,3.6,7.8,-74.66875,-144.62,69.315,11.74375,1,1
40.42825,-86.91685,3,7,40.42845,-86.91705,4,0,3.8,7,-78.315,-149.46,71.815,10.6875,1,1
40.42825,-86.91685,3,7,40.42845,-86.91695,4,1,3.8,7.2,-76.67375,-145.4866667,69.02166667,10.63375,1,1
40.42825,-86.91685,3,7,40.42845,-86.91685,4,2,3.8,7.4,-74.29333333,-139.3016667,65.00833333,10.445,1,1
40.42825,-86.91685,3,7,40.42845,-86.91675,4,3,3.8,7.6,-74.00388889,-142.79625,68.84625,11.78277778,1,1
40.42825,-86.91685,3,7,40.42845,-86.91665,4,4,3.8,7.8,-72.87909091,-146.76,71.87,13.38909091,1,1
40.42625,-86.91635,1,8,40.42605,-86.91655,0,0,1,8,-85.04181818,-70.66772727,14.37409091,54.51428571,0.992936888,0.992936888
40.42625,-86.91635,1,8,40.42605,-86.91645,0,1,1,8.2,-80.32555556,-73.52777778,6.797777778,38.72875,0.900638348,0.900638348
40.42625,-86.91635,1,8,40.42605,-86.91635,0,2,1,8.4,-77.61178571,-74.57035714,4.76,24.62,0.926362154,0.926362154
40.42625,-86.91635,1,8,40.42605,-86.91625,0,3,1,8.6,-76.24866667,-74.361,4.109666667,22.20714286,0.984976914,0.984976914
40.42625,-86.91635,1,8,40.42605,-86.91615,0,4,1,8.8,-78.748,-75.0135,4.9745,21.109,0.989484213,0.989484213
40.42625,-86.91635,1,8,40.42615,-86.91655,1,0,1.2,8,-84.7615,-75.0865,9.675,31.38857143,1,1
40.42625,-86.91635,1,8,40.42615,-86.91645,1,1,1.2,8.2,-82.66833333,-77.29583333,5.3725,21.9775,1,1
40.42625,-86.91635,1,8,40.42615,-86.91635,1,2,1.2,8.4,-76.696,-74.921,3.762,20.6055,0.965049565,0.965049565
40.42625,-86.91635,1,8,40.42615,-86.91625,1,3,1.2,8.6,-74.11,-74.21583333,2.915833333,21.75791667,0.968293215,0.968293215
40.42625,-86.91635,1,8,40.42615,-86.91615,1,4,1.2,8.8,-75.720625,-75.391875,2.76875,20.84125,0.992071315,0.992071315
40.42625,-86.91635,1,8,40.42625,-86.91655,2,0,1.4,8,-85.33833333,-78.06666667,7.271666667,31.743125,0.997166456,0.997166456
40.42625,-86.91635,1,8,40.42625,-86.91645,2,1,1.4,8.2,-83.6425,-77.16375,6.47875,21.36875,1,1
40.42625,-86.91635,1,8,40.42625,-86.91635,2,2,1.4,8.4,-80.77,-74.691,6.079,20.639,0.956312396,0.956312396
40.42625,-86.91635,1,8,40.42625,-86.91625,2,3,1.4,8.6,-77.244,-73.73,4.938,22.631,0.952312396,0.952312396
40.42625,-86.91635,1,8,40.42625,-86.91615,2,4,1.4,8.8,-74.74666667,-75.98833333,1.241666667,20.875,0.993333333,0.993333333
40.42625,-86.91635,1,8,40.42635,-86.91655,3,0,1.6,8,-83.83,-79.609,4.973,40.075,0.989130389,0.989130389
40.42625,-86.91635,1,8,40.42635,-86.91635,3,2,1.6,8.4,-89.61,-76.79,12.82,21.24,0.916697114,0.916697114
40.42625,-86.91635,1,8,40.42635,-86.91625,3,3,1.6,8.6,-89.61,-76.79,12.82,21.24,0.916697114,0.916697114
40.42625,-86.91635,1,8,40.42635,-86.91615,3,4,1.6,8.8,-74.77166667,-80.475,5.703333333,30.02666667,1,1
40.42625,-86.91635,1,8,40.42645,-86.91655,4,0,1.8,8,-77.91,-80.255,3.9525,,0.992788462,0.992788462
40.42625,-86.91635,1,8,40.42645,-86.91615,4,4,1.8,8.8,-70.63833333,-89.04833333,18.41,35.325,1,1
40.42725,-86.91635,2,8,40.42705,-86.91655,0,0,2,8,-82.496,-91.001,8.505,8.593333333,0.635555556,0.635555556
40.42725,-86.91635,2,8,40.42705,-86.91615,0,4,2,8.8,-72.21875,,,18.31375,1,1
40.42725,-86.91635,2,8,40.42715,-86.91655,1,0,2.2,8,-77.338125,-98.9,21.561875,10.76125,1,1
40.42725,-86.91635,2,8,40.42715,-86.91625,1,3,2.2,8.6,-76.5075,,,19.045,0.666666667,0.666666667
40.42725,-86.91635,2,8,40.42715,-86.91615,1,4,2.2,8.8,-74.473,,,17.839,1,1
40.42725,-86.91635,2,8,40.42725,-86.91655,2,0,2.4,8,-75.14464286,-100.7745833,25.03041667,13.81071429,1,1
40.42725,-86.91635,2,8,40.42725,-86.91645,2,1,2.4,8.2,-72.4125,-102.02875,29.0325,16.55,1,1
40.42725,-86.91635,2,8,40.42725,-86.91635,2,2,2.4,8.4,-73.100625,-101.005,27.635,14.77277778,0.888888889,0.888888889
40.42725,-86.91635,2,8,40.42725,-86.91625,2,3,2.4,8.6,-73.9305,-118.20625,44.92125,13.45909091,0.909090909,0.909090909
40.42725,-86.91635,2,8,40.42725,-86.91615,2,4,2.4,8.8,-73.68222222,-134.9125,61.9475,14.26888889,1,1
40.42725,-86.91635,2,8,40.42735,-86.91655,3,0,2.6,8,-73.29357143,-111.2015,37.284,14.95642857,1,1
40.42725,-86.91635,2,8,40.42735,-86.91645,3,1,2.6,8.2,-71.88666667,-109.0483333,36.58083333,15.98375,1,1
40.42725,-86.91635,2,8,40.42735,-86.91635,3,2,2.6,8.4,-72.85388889,-101.005,27.635,13.95444444,1,1
40.42725,-86.91635,2,8,40.42735,-86.91625,3,3,2.6,8.6,-73.28625,-118.20625,44.92125,11.364375,1,1
40.42725,-86.91635,2,8,40.42735,-86.91615,3,4,2.6,8.8,-72.887,-134.9125,61.9475,11.315,1,1
40.42725,-86.91635,2,8,40.42745,-86.91655,4,0,2.8,8,-71.91125,-133.453,61.179,15.19625,1,1
40.42725,-86.91635,2,8,40.42745,-86.91645,4,1,2.8,8.2,-70.835,-123.0875,51.6775,14.85125,1,1
40.42725,-86.91635,2,8,40.42745,-86.91635,4,2,2.8,8.4,-70.88,,,12.14,1,1
40.42575,-86.91585,0,9,40.42555,-86.91565,0,4,0,9.8,-101.785,-100.48,1.305,-7.02,0,0
40.42575,-86.91585,0,9,40.42575,-86.91605,2,0,0.4,9,-92.559,-84.76,8.351,13.54833333,1,1
40.42575,-86.91585,0,9,40.42575,-86.91595,2,1,0.4,9.2,-94.155,-87.5975,6.546428571,9.971875,1,1
40.42575,-86.91585,0,9,40.42575,-86.91585,2,2,0.4,9.4,-94.732,-89.534,5.198,5.459,1,1
40.42575,-86.91585,0,9,40.42575,-86.91575,2,3,0.4,9.6,-94.37,-90.05,4.32,-0.22,1,1
40.42575,-86.91585,0,9,40.42585,-86.91605,3,0,0.6,9,-92.17416667,-84.253125,8.9725,13.3425,1,1
40.42575,-86.91585,0,9,40.42585,-86.91595,3,1,0.6,9.2,-94.155,-87.6575,6.546428571,9.365,1,1
40.42575,-86.91585,0,9,40.42585,-86.91585,3,2,0.6,9.4,-95.02083333,-89.69,5.1325,4.677142857,1,1
40.42575,-86.91585,0,9,40.42585,-86.91575,3,3,0.6,9.6,-94.78375,-90.96375,3.82,-1.08125,1,1
40.42575,-86.91585,0,9,40.42585,-86.91565,3,4,0.6,9.8,-92.39,-90.241,2.453,-2.782,0.894117647,0.894117647
40.42575,-86.91585,0,9,40.42595,-86.91605,4,0,0.8,9,-87.2,-79.95333333,10.9175,15.74833333,0.734567901,0.734567901
40.42575,-86.91585,0,9,40.42595,-86.91585,4,2,0.8,9.4,-96.465,-90.08,4.805,2.7225,1,1
40.42575,-86.91585,0,9,40.42595,-86.91575,4,3,0.8,9.6,-94.657,-87.255,5.942,-1.833571429,0.905038247,0.905038247
40.42575,-86.91585,0,9,40.42595,-86.91565,4,4,0.8,9.8,-91.66181818,-87.68423077,3.486818182,-2.985769231,0.662768829,0.662768829
40.42625,-86.91585,1,9,40.42605,-86.91605,0,0,1,9,-82.69722222,-78.76444444,4.280555556,14.85277778,0.89058192,0.89058192
40.42625,-86.91585,1,9,40.42605,-86.91595,0,1,1,9.2,-87.258125,-82.716875,4.54125,13.2325,0.888888889,0.888888889
40.42625,-86.91585,1,9,40.42605,-86.91585,0,2,1,9.4,-89.66166667,-83.44583333,6.215833333,12.63083333,1,1
40.42625,-86.91585,1,9,40.42605,-86.91575,0,3,1,9.6,-93.7375,-84.376,9.16875,5.542,0.933526773,0.933526773
40.42625,-86.91585,1,9,40.42605,-86.91565,0,4,1,9.8,-92.68535714,-85.8121875,6.646428571,1.425,0.657835041,0.657835041
40.42625,-86.91585,1,9,40.42615,-86.91605,1,0,1.2,9,-82.14346154,-79.02846154,3.355769231,13.24,0.997503661,0.997503661
40.42625,-86.91585,1,9,40.42615,-86.91595,1,1,1.2,9.2,-85.355,-81.21545455,4.139545455,12.8485,1,1
40.42625,-86.91585,1,9,40.42615,-86.91585,1,2,1.2,9.4,-89.66166667,-83.44583333,6.215833333,12.63083333,1,1
40.42625,-86.91585,1,9,40.42615,-86.91575,1,3,1.2,9.6,-93.56333333,-84.46333333,9.1,7.805714286,0.857142857,0.857142857
40.42625,-86.91585,1,9,40.42615,-86.91565,1,4,1.2,9.8,-92.84291667,-86.27541667,6.5675,2.246153846,0.597328133,0.597328133
40.42625,-86.91585,1,9,40.42625,-86.91605,2,0,1.4,9,-80.60055556,-79.465,3.663333333,15.3,1,1
40.42625,-86.91585,1,9,40.42625,-86.91595,2,1,1.4,9.2,-79.131,-79.532,4.083,16.80375,1,1
40.42625,-86.91585,1,9,40.42625,-86.91565,2,4,1.4,9.8,-90.52666667,-87.03916667,3.4875,-2.257142857,0.219510302,0.219510302
40.42625,-86.91585,1,9,40.42635,-86.91605,3,0,1.6,9,-74.73611111,-86.90111111,13.66277778,23.125,1,1
40.42625,-86.91585,1,9,40.42635,-86.91595,3,1,1.6,9.2,-73.72875,-92.75125,19.0225,22.91125,0.8,0.8
40.42625,-86.91585,1,9,40.42635,-86.91565,3,4,1.6,9.8,-90.155,-85.6175,4.5375,1.3525,0.075630252,0.075630252
40.42625,-86.91585,1,9,40.42645,-86.91605,4,0,1.8,9,-68.34136364,-106.8822222,38.11611111,23.9575,1,1
40.42625,-86.91585,1,9,40.42645,-86.91595,4,1,1.8,9.2,-67.635,-116.89625,49.08,21.281,0.833333333,0.833333333
40.42725,-86.91585,2,9,40.42705,-86.91605,0,0,2,9,-72.35625,,,18.08125,1,1
40.42725,-86.91585,2,9,40.42705,-86.91565,0,4,2,9.8,-75.38,,,11.78,1,1
40.42725,-86.91585,2,9,40.42715,-86.91605,1,0,2.2,9,-74.258125,,,15.408125,1,1
40.42725,-86.91585,2,9,40.42715,-86.91595,1,1,2.2,9.2,-74.22666667,,,13.54333333,1,1
40.42725,-86.91585,2,9,40.42715,-86.91585,1,2,2.2,9.4,-71.905,,,15.955,1,1
40.42725,-86.91585,2,9,40.42715,-86.91565,1,4,2.2,9.8,-74.669,,,9.041,1,1
40.42725,-86.91585,2,9,40.42725,-86.91605,2,0,2.4,9,-73.42055556,,,13.37111111,1,1
40.42725,-86.91585,2,9,40.42725,-86.91595,2,1,2.4,9.2,-72.79583333,,,14.01916667,1,1
40.42725,-86.91585,2,9,40.42725,-86.91585,2,2,2.4,9.4,-72.695,,,14.823,1,1
40.42725,-86.91585,2,9,40.42725,-86.91575,2,3,2.4,9.6,-71.04916667,,,13.13083333,1,1
40.42725,-86.91585,2,9,40.42725,-86.91565,2,4,2.4,9.8,-72.193125,,,10.7125,1,1
40.42725,-86.91585,2,9,40.42735,-86.91605,3,0,2.6,9,-69.758125,,,12.534375,1,1
40.42725,-86.91585,2,9,40.42735,-86.91595,3,1,2.6,9.2,-69.32727273,,,13.83681818,1,1
40.42725,-86.91585,2,9,40.42735,-86.91585,3,2,2.6,9.4,-70.084,,,14.775,1,1
40.42725,-86.91585,2,9,40.42735,-86.91575,3,3,2.6,9.6,-70.51136364,,,12.22181818,1,1
40.42725,-86.91585,2,9,40.42735,-86.91565,3,4,2.6,9.8,-70.88,,,9.34125,1,1
40.42725,-86.91585,2,9,40.42745,-86.91605,4,0,2.8,9,-69.103,,,13.854,1,1
40.42725,-86.91585,2,9,40.42745,-86.91595,4,1,2.8,9.2,-68.56681818,,,14.50772727,1,1
40.42725,-86.91585,2,9,40.42745,-86.91585,4,2,2.8,9.4,-68.33333333,,,15.60611111,1,1
40.42725,-86.91585,2,9,40.42745,-86.91575,4,3,2.8,9.6,-69.866,,,11.131,1,1
40.42725,-86.91585,2,9,40.42745,-86.91565,4,4,2.8,9.8,-73.42928571,,,5.467857143,1,1
40.42625,-86.91535,1,10,40.42605,-86.91555,0,0,1,10,-90.606875,-90.094375,3.35875,-6.190625,0.149174463,0.149174463
40.42625,-86.91535,1,10,40.42605,-86.91545,0,1,1,10.2,-91.07464286,-91.88571429,4.631785714,-12.0675,0.048764004,0.048764004
40.42625,-86.91535,1,10,40.42605,-86.91535,0,2,1,10.4,-91.50428571,-99.948125,9.585,-14.68277778,0.023809524,0.023809524
40.42625,-86.91535,1,10,40.42605,-86.91525,0,3,1,10.6,-101.5383333,-128.58375,37.555,-12.65,0,0
40.42625,-86.91535,1,10,40.42605,-86.91515,0,4,1,10.8,-107.945,-132.215,40.85,-13.15875,0,0
40.42625,-86.91535,1,10,40.42615,-86.91555,1,0,1.2,10,-89.8965625,-89.71633333,4.252,-9.0015625,0.152485195,0.152485195
40.42625,-86.91535,1,10,40.42615,-86.91545,1,1,1.2,10.2,-90.13785714,-92.06083333,5.7175,-16.79464286,0.033457882,0.033457882
40.42625,-86.91535,1,10,40.42615,-86.91535,1,2,1.2,10.4,-90.69,-99.97722222,8.723125,-12.7985,0,0
40.42625,-86.91535,1,10,40.42615,-86.91525,1,3,1.2,10.6,-92.18125,-116.6666667,20.95625,-9.0275,0,0
40.42625,-86.91535,1,10,40.42615,-86.91515,1,4,1.2,10.8,-103.05,-132.215,40.85,-15.6275,0,0
40.42625,-86.91535,1,10,40.42625,-86.91555,2,0,1.4,10,-88.01541667,-88.0675,3.334375,-9.003846154,0.037911045,0.037911045
40.42625,-86.91535,1,10,40.42625,-86.91545,2,1,1.4,10.2,-87.59571429,-90.23125,4.39875,-16.251875,0,0
40.42625,-86.91535,1,10,40.42625,-86.91535,2,2,1.4,10.4,-90.4925,-93.705,3.255,-6.31625,0,0
40.42625,-86.91535,1,10,40.42625,-86.91525,2,3,1.4,10.6,-88.475,-92.8325,4.3575,1.1325,0,0
40.42625,-86.91535,1,10,40.42635,-86.91555,3,0,1.6,10,-86.43714286,-85.75,3.8,-7.29,0,0
40.42625,-86.91535,1,10,40.42635,-86.91545,3,1,1.6,10.2,-85.13,,,-13.95666667,0,0
40.42625,-86.91535,1,10,40.42645,-86.91555,4,0,1.8,10,-82.906,,,-7.068,0,0
40.42625,-86.91535,1,10,40.42645,-86.91545,4,1,1.8,10.2,-85.2,,,-10.73,0,0