grid_lon,height,thput_0,thput_1,thput_5,thput_10,thput_25,thput_50,thput_75,thput_90,thput_95,thput_99,thput_100,total_sample
40.4610,0.0000,-114.4920,-113.8379,-110.1031,-107.4948,-104.1292,-99.6562,-95.8125,-90.6688,-88.8969,-88.2169,-86.4375,448.0000
40.4610,30.0000,-93.6250,-91.7000,-89.7500,-87.2890,-85.5940,-74.8750,-68.8125,-67.7500,-67.3125,-66.8750,-66.6250,1021.0000
40.4610,60.0000,-90.2890,-88.6875,-87.5625,-86.8312,-84.9123,-83.0940,-81.7500,-80.4812,-79.8348,-79.2149,-78.0080,718.0000
40.4610,90.0000,-96.3125,-94.6488,-93.7500,-93.0625,-90.9200,-86.4380,-84.1875,-82.7603,-82.2034,-80.9041,-80.5230,582.0000
40.4610,120.0000,-93.5390,-92.8897,-90.7812,-89.8750,-87.9375,-85.6875,-84.5625,-83.6875,-83.1877,-82.8565,-82.6875,631.0000
40.4611,0.0000,-114.8980,-114.5406,-108.6443,-107.2796,-102.9490,-98.2500,-93.0625,-88.5375,-87.3500,-85.4150,-83.9375,467.0000
40.4611,30.0000,-92.7580,-92.0432,-90.6296,-87.3566,-85.4840,-75.6250,-68.9375,-68.0625,-67.7500,-67.3550,-66.7500,1269.0000
40.4611,60.0000,-90.1875,-88.4663,-87.5187,-86.9750,-85.5625,-83.6020,-82.0625,-80.3125,-79.9541,-79.3800,-78.5080,755.0000
40.4611,90.0000,-94.3750,-94.0625,-93.3531,-91.5812,-89.8750,-85.0000,-83.7500,-82.8472,-82.6170,-81.3932,-81.2810,508.0000
40.4611,120.0000,-93.4450,-92.1875,-91.3750,-90.3750,-88.4611,-86.0000,-85.0509,-83.8125,-83.4072,-83.1846,-83.0620,682.0000
40.4612,0.0000,-114.9840,-113.7717,-110.2005,-107.4250,-103.4060,-98.0938,-92.7031,-89.4562,-88.4750,-85.2362,-83.8125,464.0000
40.4612,30.0000,-92.5940,-91.8590,-90.3689,-89.1752,-86.1135,-75.5000,-70.4375,-68.0000,-67.8750,-67.4788,-66.7500,1567.0000
40.4612,60.0000,-90.1250,-89.3350,-88.3125,-87.6434,-85.0275,-83.4375,-81.8945,-80.6875,-79.6907,-78.1560,-77.5000,683.0000
40.4612,90.0000,-94.4375,-94.1713,-93.4813,-91.1250,-89.9493,-86.6170,-84.6875,-82.9968,-82.8384,-82.4440,-81.7030,527.0000
40.4612,120.0000,-96.3125,-93.5273,-93.0000,-91.6250,-89.0860,-86.1250,-84.8750,-83.5625,-83.3162,-83.1250,-82.3590,731.0000
40.4613,0.0000,-113.6170,-113.0233,-110.1719,-108.9065,-104.2067,-100.3438,-91.2656,-90.0312,-87.1562,-86.2656,-85.8750,326.0000
40.4613,30.0000,-92.3360,-91.8980,-90.3557,-88.3488,-85.8050,-76.8750,-69.9375,-68.5625,-68.1250,-67.3750,-67.0000,1135.0000
40.4613,60.0000,-94.1250,-89.0481,-88.0000,-87.2500,-86.1875,-83.9650,-82.1250,-80.9562,-79.8258,-78.9877,-78.0080,724.0000
40.4613,90.0000,-93.8200,-92.9832,-91.0469,-90.5000,-89.4375,-85.5625,-84.1406,-83.1055,-82.7678,-82.5442,-82.3590,566.0000
40.4613,120.0000,-96.6800,-94.4375,-93.3375,-92.3750,-90.6095,-86.3125,-85.5000,-83.8125,-83.5625,-82.6737,-81.8980,727.0000
40.4614,0.0000,-112.5625,-111.7904,-110.4375,-106.9449,-103.3435,-99.5820,-95.2031,-89.0938,-87.2219,-85.8125,-85.5000,358.0000
40.4614,30.0000,-92.6250,-92.1996,-89.4607,-88.2540,-85.7050,-77.7500,-69.8750,-68.1250,-67.6250,-66.5625,-66.2500,1116.0000
40.4614,60.0000,-90.4375,-89.5200,-88.4344,-87.1875,-85.4375,-83.9060,-82.1720,-81.1877,-80.5625,-78.3070,-77.5000,685.0000
40.4614,90.0000,-93.5000,-91.7500,-91.3125,-90.8750,-89.8750,-85.8280,-84.5625,-83.0590,-82.9450,-82.8526,-82.7030,509.0000
40.4614,120.0000,-97.8750,-95.7000,-94.8125,-93.5625,-91.5000,-86.4375,-85.5625,-83.6560,-83.4300,-83.2500,-83.1020,661.0000
40.4615,0.0000,-113.6250,-112.5025,-110.6500,-107.5734,-103.9530,-101.1875,-97.8125,-91.3750,-90.7500,-89.0675,-88.4375,345.0000
40.4615,30.0000,-93.0080,-92.2580,-88.9723,-87.4580,-85.0940,-76.8125,-69.8125,-68.4750,-68.1250,-67.7500,-67.4375,1227.0000
40.4615,60.0000,-95.1330,-92.4009,-88.9375,-88.1993,-86.1875,-84.2420,-82.3125,-80.6250,-79.8102,-78.3165,-77.5000,628.0000
40.4615,90.0000,-94.8125,-93.7724,-91.6250,-91.2062,-90.3633,-85.8750,-84.8750,-83.3051,-82.9048,-82.6090,-82.2890,538.0000
40.4615,120.0000,-96.3125,-96.1875,-92.8477,-92.0940,-90.9690,-86.5620,-85.5585,-84.0625,-83.5080,-83.2500,-82.0000,691.0000
40.4616,0.0000,-113.0625,-112.6813,-110.4235,-106.4346,-104.4260,-100.7890,-98.1170,-93.3154,-92.4437,-91.2288,-89.4375,323.0000
40.4616,30.0000,-91.5860,-90.9747,-89.1342,-88.0892,-85.6020,-77.0625,-70.8750,-69.9375,-68.9375,-68.3750,-68.0625,1347.0000
40.4616,60.0000,-90.8125,-89.9284,-88.8738,-88.1250,-86.1875,-84.3590,-82.4844,-80.6343,-80.0719,-78.6109,-78.0080,604.0000
40.4616,90.0000,-96.4375,-94.6750,-92.9375,-91.9375,-90.8438,-86.8200,-85.8125,-84.5625,-83.0700,-82.3216,-82.1880,511.0000
40.4616,120.0000,-96.5000,-96.1875,-92.5920,-92.1250,-91.1250,-86.8050,-85.5390,-84.1296,-83.6717,-83.1598,-83.0940,813.0000
40.4617,0.0000,-114.0625,-113.4656,-111.0000,-106.9100,-104.4375,-100.4300,-97.8440,-93.0000,-92.4219,-90.3906,-89.5625,216.0000
40.4617,30.0000,-91.2420,-90.6640,-88.9976,-87.7166,-85.0960,-76.6875,-71.2500,-70.0000,-69.1875,-68.8125,-68.5625,1524.0000
40.4617,60.0000,-94.5620,-90.4430,-89.1876,-87.9375,-85.9375,-83.9450,-83.1250,-81.5576,-80.4375,-78.9992,-78.6330,799.0000
40.4617,90.0000,-94.4375,-94.0000,-92.7500,-91.9701,-91.1875,-87.3440,-86.1699,-84.1500,-82.6222,-82.1111,-82.0000,514.0000
40.4617,120.0000,-95.6250,-95.5487,-94.6125,-92.2468,-91.3088,-87.0000,-85.9375,-84.1687,-83.7285,-83.4628,-83.0700,623.0000
40.4618,0.0000,-114.5625,-112.7750,-110.7190,-108.8670,-105.5625,-101.1800,-97.8750,-92.4375,-90.1250,-88.8375,-88.6875,241.0000
40.4618,30.0000,-90.9380,-90.1652,-88.5140,-87.4920,-85.4220,-77.8125,-72.1875,-70.2500,-69.6250,-69.1250,-68.8750,1197.0000
40.4618,60.0000,-96.0160,-94.3237,-89.3125,-87.8750,-86.0625,-84.3125,-82.9530,-81.7420,-80.9586,-78.5220,-78.0080,1127.0000
40.4618,90.0000,-93.8750,-93.3750,-92.6875,-92.2500,-91.6875,-89.8125,-86.3750,-84.0676,-83.5860,-82.2465,-82.0940,557.0000
40.4618,120.0000,-94.4375,-94.2500,-93.6281,-92.7500,-91.0000,-87.4375,-86.3440,-84.2007,-83.5156,-83.2698,-82.9530,680.0000
40.4619,0.0000,-116.2500,-115.4744,-112.8926,-110.2562,-106.0312,-102.6015,-99.1483,-93.7095,-93.0000,-92.0625,-91.8750,248.0000
40.4619,30.0000,-100.5470,-91.9530,-88.9920,-87.9140,-84.9340,-78.1875,-72.0312,-70.6250,-70.1875,-69.5812,-69.2500,1431.0000
40.4619,60.0000,-93.4375,-90.1063,-88.4375,-87.5938,-86.4219,-84.8240,-83.1898,-81.8480,-81.0276,-78.9511,-78.0080,1066.0000
40.4619,90.0000,-94.6250,-94.3750,-93.7125,-92.8000,-91.6250,-88.3750,-86.2500,-83.6106,-82.9812,-82.5400,-82.2660,613.0000
40.4619,120.0000,-96.8125,-95.1719,-93.8730,-93.3400,-92.3125,-87.6250,-86.5569,-84.4375,-83.4608,-83.0940,-82.9690,626.0000
40.4620,0.0000,-115.6875,-115.5625,-112.3586,-110.1937,-106.8281,-100.5000,-97.5800,-94.1875,-93.7469,-93.1250,-92.6170,260.0000
40.4620,30.0000,-115.3280,-90.0273,-89.3520,-87.1055,-85.1370,-78.7500,-73.2656,-71.0000,-70.7500,-70.1875,-69.7500,1226.0000
40.4620,60.0000,-92.4690,-91.4076,-88.2500,-87.0625,-86.1875,-84.9375,-83.1840,-81.3125,-80.6864,-79.0157,-78.5080,899.0000
40.4620,90.0000,-94.5625,-93.1625,-92.6875,-92.2500,-90.9140,-87.8125,-85.8125,-82.8750,-82.5940,-82.3152,-82.2110,641.0000
40.4620,120.0000,-97.9375,-97.2313,-95.2460,-93.4375,-91.3595,-88.1720,-86.7500,-84.1170,-83.1210,-82.9690,-82.6720,731.0000
40.4621,0.0000,-117.6250,-114.9500,-113.6875,-112.5000,-106.4375,-102.8750,-100.2970,-95.0000,-93.8750,-92.7250,-92.0000,221.0000
40.4621,30.0000,-90.1720,-89.5609,-88.7582,-87.0550,-85.4020,-79.6875,-74.6875,-71.5000,-70.5062,-69.8750,-69.5625,1003.0000
40.4621,60.0000,-90.6875,-89.8125,-88.5625,-87.8063,-86.4375,-85.3125,-83.3069,-82.0860,-80.4140,-79.1318,-78.0080,962.0000
40.4621,90.0000,-95.0625,-93.3512,-92.9375,-92.3750,-91.1875,-89.4375,-85.6525,-83.3830,-82.9204,-82.4140,-82.2110,739.0000
40.4621,120.0000,-97.1875,-97.0000,-95.1250,-93.8125,-91.9219,-88.0000,-86.6875,-84.1264,-83.1178,-82.8225,-82.5780,662.0000
40.4622,0.0000,-115.8440,-115.6502,-110.2375,-107.8875,-105.7305,-102.1090,-97.6645,-94.1187,-93.1250,-92.2500,-92.0000,315.0000
40.4622,30.0000,-90.4140,-88.9848,-88.1353,-86.6106,-84.5270,-79.6250,-73.4062,-70.5500,-70.1250,-69.4375,-68.8125,1299.0000
40.4622,60.0000,-91.9375,-90.2900,-88.8125,-87.8750,-86.5000,-85.0000,-83.2500,-81.2158,-79.8184,-78.8644,-78.0080,769.0000
40.4622,90.0000,-99.7500,-99.3750,-93.6875,-93.0625,-91.5625,-89.6875,-86.0000,-83.5202,-82.9714,-82.6428,-82.3910,827.0000
40.4622,120.0000,-98.5625,-96.8937,-94.5000,-93.9375,-90.9219,-88.2500,-86.6800,-84.2150,-83.0960,-82.6215,-82.4920,586.0000
40.4623,0.0000,-116.8125,-115.4678,-112.2062,-108.7828,-105.0585,-101.8125,-98.1405,-96.2001,-95.2562,-93.8875,-93.1250,363.0000
40.4623,30.0000,-92.3050,-89.6589,-88.1314,-87.4140,-84.7340,-79.9375,-73.8750,-71.5000,-70.8750,-70.5000,-70.2500,1289.0000
40.4623,60.0000,-92.1250,-89.5986,-88.4688,-87.4375,-86.3750,-85.1405,-82.5625,-81.3240,-79.4690,-78.6582,-78.0080,986.0000
40.4623,90.0000,-99.8750,-99.1437,-94.3125,-93.5625,-91.5000,-89.6875,-86.2500,-83.6410,-82.7812,-82.4088,-82.2730,836.0000
40.4623,120.0000,-98.1875,-97.4075,-95.3250,-94.4500,-89.3125,-87.9375,-86.7340,-84.4124,-82.9220,-82.4446,-82.3590,649.0000
40.4624,0.0000,-116.1020,-114.7078,-113.4760,-109.5571,-105.6779,-102.2580,-98.0681,-95.7531,-94.3727,-93.2443,-91.3125,352.0000
40.4624,30.0000,-93.4450,-91.9262,-89.1118,-88.2214,-85.8980,-79.6875,-73.8594,-72.3125,-71.9375,-71.4044,-69.6875,1348.0000
40.4624,60.0000,-90.6250,-89.6875,-88.4049,-87.5495,-86.5625,-85.5000,-83.1448,-81.3471,-80.9064,-78.8440,-78.5080,842.0000
40.4624,90.0000,-94.9375,-94.5000,-94.0625,-93.6250,-91.7500,-89.5625,-86.7500,-83.9220,-83.3520,-82.3120,-81.7660,782.0000
40.4624,120.0000,-98.5000,-97.9844,-96.8594,-95.1562,-89.6875,-88.7500,-86.9920,-84.1800,-83.6155,-82.6600,-82.4770,726.0000
40.4625,0.0000,-117.1875,-115.9663,-114.4370,-111.5625,-106.5332,-101.3125,-98.3360,-96.0687,-95.1198,-94.5169,-94.0625,228.0000
40.4625,30.0000,-93.4610,-93.0014,-88.8966,-88.0128,-86.3980,-81.0625,-77.1875,-74.0000,-73.3125,-72.3150,-71.9375,2105.0000
40.4625,60.0000,-93.6640,-91.0173,-89.3750,-88.3125,-86.9375,-85.5000,-84.1875,-81.6887,-81.1261,-79.1046,-78.5080,882.0000
40.4625,90.0000,-95.2500,-95.0625,-94.4688,-94.0625,-92.5000,-89.2730,-86.1875,-83.6950,-83.2190,-82.1611,-81.9220,771.0000
40.4625,120.0000,-98.5000,-98.2788,-96.0719,-95.5812,-89.6250,-88.6875,-86.8477,-84.2970,-83.6386,-83.0983,-82.8670,678.0000
40.4626,0.0000,-116.1250,-115.3427,-113.5734,-109.9875,-106.3905,-103.1875,-98.9257,-96.5578,-95.6250,-94.3988,-93.8670,339.0000
40.4626,30.0000,-93.5940,-92.9103,-91.4840,-89.3986,-86.3830,-81.3750,-79.0000,-74.4375,-72.6250,-71.6350,-70.8750,1517.0000
40.4626,60.0000,-95.6640,-93.5546,-91.2562,-89.5625,-88.4375,-86.8750,-83.9062,-81.2652,-80.2647,-79.3820,-78.0080,650.0000
40.4626,90.0000,-95.7500,-95.6250,-95.0969,-94.7500,-92.7500,-89.6480,-87.3125,-83.8631,-82.8918,-82.0031,-81.7500,750.0000
40.4626,120.0000,-99.6250,-99.3125,-96.1250,-95.7500,-89.6875,-88.6250,-86.9375,-84.3031,-83.3642,-82.9350,-82.7190,834.0000
40.4627,0.0000,-117.8520,-108.5694,-105.8910,-105.3125,-104.2500,-102.0000,-100.8125,-99.5625,-98.7500,-92.6019,-86.5625,8064.0000
40.4627,30.0000,-97.5160,-94.4243,-92.4005,-90.2644,-86.0820,-82.1250,-79.8125,-74.7500,-73.1875,-72.3750,-71.8750,1692.0000
40.4627,60.0000,-92.3125,-91.5744,-89.8125,-89.3750,-88.3125,-86.5312,-82.8108,-79.8208,-79.4304,-78.5080,-78.0080,1182.0000
40.4627,90.0000,-96.4375,-95.9412,-95.1875,-94.6875,-92.6250,-89.1875,-86.6875,-83.1278,-82.4116,-81.1391,-80.9300,895.0000
40.4627,120.0000,-102.6875,-100.9688,-96.6562,-95.5000,-90.0000,-88.4375,-87.0000,-84.4610,-83.0860,-82.6090,-82.4140,951.0000
40.4628,0.0000,-121.7270,-114.0294,-110.7730,-107.6875,-103.7110,-101.0625,-96.7500,-93.6875,-92.3125,-87.8775,-74.3125,33532.0000
40.4628,30.0000,-116.5780,-96.4542,-93.2110,-91.9840,-89.3750,-85.9690,-81.6875,-79.1875,-74.0875,-72.6250,-72.0000,4297.0000
40.4628,60.0000,-97.5625,-94.3750,-91.4375,-90.3125,-88.8125,-85.6875,-82.9380,-81.2340,-80.8750,-80.5000,-79.3750,3309.0000
40.4628,90.0000,-100.2500,-99.4981,-97.3125,-94.9375,-94.0000,-91.6250,-86.5352,-83.1640,-82.7500,-82.2660,-81.1090,6104.0000
40.4628,120.0000,-99.5000,-97.2537,-96.4375,-96.1250,-95.5000,-91.7500,-84.5975,-83.0310,-82.8520,-82.1480,-81.0780,2898.0000
40.4629,0.0000,-119.1170,-115.8750,-113.9220,-112.0620,-104.8120,-100.6250,-94.9770,-91.4375,-89.6250,-82.6375,-77.3125,15061.0000
40.4629,30.0000,-104.2500,-95.0791,-93.4920,-92.7660,-88.7970,-83.7660,-77.7500,-75.9375,-73.8125,-72.1250,-71.1250,8344.0000
40.4629,60.0000,-125.7810,-95.9375,-92.7500,-92.0000,-89.8750,-85.7500,-82.8590,-81.5080,-81.1410,-79.5700,-78.1875,5901.0000
40.4629,90.0000,-98.3750,-96.2025,-94.8125,-94.5625,-93.8750,-92.5625,-85.8962,-84.7102,-83.4530,-81.5173,-81.0860,2720.0000
40.4629,120.0000,-98.5000,-97.5625,-96.3844,-96.0000,-93.6250,-92.1250,-83.7520,-82.9920,-82.1457,-81.2803,-79.3590,1698.0000
40.4630,0.0000,-117.3590,-114.7324,-112.4014,-110.7906,-108.3050,-103.6800,-95.1250,-89.9375,-87.6875,-81.3750,-80.5000,1965.0000
40.4630,30.0000,-110.3750,-96.6198,-93.1898,-90.0075,-88.1250,-84.9380,-80.0000,-76.1250,-74.1094,-73.1875,-72.3125,2556.0000
40.4630,60.0000,-93.7500,-92.6250,-91.5625,-91.4375,-91.0625,-85.6875,-82.1915,-81.3966,-80.4380,-79.9591,-79.4690,1839.0000
40.4630,90.0000,-98.9375,-98.1875,-95.7500,-95.1875,-93.8125,-91.8125,-85.8220,-83.4474,-82.6500,-81.4220,-80.9920,834.0000
40.4630,120.0000,-99.5625,-97.1675,-96.5000,-96.2500,-95.0000,-91.5000,-87.7305,-83.3734,-83.0451,-81.5523,-79.8910,667.0000
40.4631,0.0000,-114.8120,-113.8504,-111.1686,-110.0000,-107.3125,-104.3125,-102.0625,-98.0656,-96.9876,-93.7150,-93.2500,273.0000
40.4631,30.0000,-95.4220,-92.9036,-90.4120,-89.1875,-88.0140,-85.4645,-79.5625,-77.7500,-75.0000,-74.0000,-73.3750,1566.0000
40.4631,60.0000,-94.3125,-93.8750,-93.1875,-92.5625,-88.7188,-86.3750,-84.1875,-82.2564,-81.8368,-81.5780,-80.7340,835.0000
40.4631,90.0000,-99.6875,-97.4281,-96.0781,-95.5000,-93.1875,-92.0000,-85.6860,-83.5390,-82.8750,-81.7661,-81.2810,816.0000
40.4631,120.0000,-98.8125,-97.4800,-96.6250,-95.6750,-93.8125,-92.1250,-87.7500,-83.4482,-83.2670,-82.0806,-81.8120,733.0000
40.4632,0.0000,-115.6410,-114.9175,-112.7065,-110.6388,-108.0000,-105.3590,-101.0625,-97.3970,-95.3252,-93.7775,-93.3125,245.0000
40.4632,30.0000,-94.0080,-93.1201,-90.3360,-89.1875,-87.2850,-83.9140,-79.2500,-76.0687,-74.4375,-73.9375,-73.5625,1362.0000
40.4632,60.0000,-94.6875,-94.3750,-93.7500,-93.5000,-89.8750,-87.0625,-83.5120,-82.0080,-81.6748,-81.0998,-80.6020,768.0000
40.4632,90.0000,-100.5000,-100.2500,-98.4562,-95.1875,-94.0625,-91.7500,-85.8750,-83.5916,-83.0836,-81.8816,-81.6250,848.0000
40.4632,120.0000,-98.3125,-97.2500,-96.7500,-95.9375,-93.8281,-92.0625,-88.1840,-83.7380,-83.3102,-82.0860,-81.9140,656.0000
40.4633,0.0000,-116.7340,-115.5752,-111.5998,-111.0126,-108.3125,-105.7580,-101.9610,-98.7500,-97.5250,-94.3575,-93.4375,269.0000
40.4633,30.0000,-94.4610,-93.4287,-90.5875,-89.7500,-88.3906,-86.0000,-79.7344,-76.3187,-74.9375,-74.3750,-73.8125,1372.0000
40.4633,60.0000,-94.6875,-94.1594,-93.6875,-93.3750,-89.4219,-87.2500,-84.1680,-82.5390,-82.2340,-81.9256,-81.7270,746.0000
40.4633,90.0000,-98.7500,-98.5000,-97.8500,-95.2500,-93.8125,-91.9375,-86.4060,-83.6720,-83.0738,-82.1462,-81.6410,889.0000
40.4633,120.0000,-99.8125,-97.1875,-96.4375,-95.8375,-93.8520,-92.6250,-87.5080,-83.5470,-82.8170,-82.0100,-81.8590,577.0000
40.4634,0.0000,-114.2500,-113.8225,-112.4468,-111.1748,-108.0625,-105.0000,-101.6250,-99.1672,-98.3032,-93.3375,-92.4375,229.0000
40.4634,30.0000,-92.8830,-92.3277,-91.0462,-90.4352,-89.2500,-86.4490,-80.0625,-76.6875,-75.3750,-74.6250,-74.0000,1352.0000
40.4634,60.0000,-96.2500,-94.9075,-94.0125,-93.3125,-91.2500,-88.6875,-86.5860,-83.8408,-82.7254,-81.8787,-80.7340,1117.0000
40.4634,90.0000,-112.7970,-99.5431,-97.8969,-95.5000,-94.2500,-92.4375,-85.4450,-83.2588,-82.5721,-82.0550,-81.6880,1032.0000
40.4634,120.0000,-97.3750,-96.7781,-96.2500,-96.0000,-93.6875,-92.5310,-86.7698,-83.6290,-83.3400,-81.7624,-81.5470,456.0000
40.4635,0.0000,-116.9375,-114.9044,-111.9961,-110.7500,-109.4570,-104.7580,-101.5156,-98.7711,-97.1937,-94.1250,-93.7500,242.0000
40.4635,30.0000,-94.4690,-92.9829,-91.8080,-90.8782,-88.9770,-84.7970,-78.6875,-77.0000,-76.5000,-74.7500,-73.4375,2117.0000
40.4635,60.0000,-96.5000,-94.3750,-93.4375,-93.0000,-90.1250,-87.8125,-85.6875,-82.9690,-82.7022,-81.7890,-80.5080,799.0000
40.4635,90.0000,-101.3125,-100.8937,-98.9688,-96.0000,-94.4375,-90.5625,-84.8200,-83.3590,-83.0430,-82.3696,-81.9060,971.0000
40.4635,120.0000,-98.7500,-96.7706,-96.3750,-96.0000,-93.8750,-92.3435,-87.1132,-83.6480,-83.3910,-82.2474,-82.1480,468.0000
40.4636,0.0000,-116.2500,-114.1112,-112.5000,-111.4750,-108.0625,-105.6250,-101.6835,-100.2500,-98.8149,-93.8300,-93.6250,215.0000
40.4636,30.0000,-98.0000,-93.5446,-90.7404,-90.2436,-88.5940,-85.3750,-80.4375,-77.3750,-75.8750,-74.6250,-73.1875,1745.0000
40.4636,60.0000,-96.8750,-93.5913,-92.8312,-92.1250,-90.0625,-87.7500,-84.8125,-82.1940,-81.6077,-81.0940,-77.0000,955.0000
40.4636,90.0000,-101.1875,-100.9100,-98.3750,-96.1875,-94.8750,-91.0625,-84.9060,-83.0924,-82.7236,-82.0230,-81.7420,845.0000
40.4636,120.0000,-99.5000,-97.5625,-97.0000,-96.5625,-94.5312,-91.5000,-88.1250,-83.8486,-83.4004,-82.0090,-81.9220,583.0000
40.4637,0.0000,-115.5000,-115.3781,-113.4469,-111.5625,-109.1954,-105.6993,-101.3692,-99.4795,-98.0531,-95.2319,-93.6250,320.0000
40.4637,30.0000,-93.2660,-92.3360,-90.6924,-90.1250,-88.0625,-85.2230,-82.5000,-78.2500,-77.1875,-76.3669,-75.6875,1288.0000
40.4637,60.0000,-95.7500,-93.9963,-92.8750,-92.1063,-89.7500,-86.8750,-85.1875,-82.0277,-81.7202,-81.3915,-81.0000,904.0000
40.4637,90.0000,-99.5000,-99.0000,-97.6094,-96.5000,-94.8125,-91.0625,-84.6560,-82.6800,-82.4140,-81.9727,-81.7030,826.0000
40.4637,120.0000,-99.8125,-97.1875,-96.8750,-96.6375,-95.7500,-93.1250,-87.2385,-83.3980,-82.9809,-80.3779,-79.0470,679.0000
40.4638,0.0000,-112.7340,-112.3549,-110.2717,-109.5376,-106.5275,-103.9375,-100.8438,-97.7811,-95.0563,-92.6912,-92.5000,207.0000
40.4638,30.0000,-93.5860,-93.1800,-90.8060,-90.0625,-88.0000,-84.6250,-80.5625,-77.8750,-76.6875,-76.1250,-75.8125,1729.0000
40.4638,60.0000,-96.6250,-94.7981,-93.1875,-92.5000,-91.1250,-87.9375,-85.8241,-82.0230,-81.7305,-81.0925,-80.4140,824.0000
40.4638,90.0000,-100.1250,-98.8125,-96.3125,-95.8125,-93.2500,-91.7500,-84.8500,-82.8520,-82.4432,-82.2340,-82.1480,816.0000
40.4638,120.0000,-97.9375,-96.9094,-96.4219,-96.1250,-95.3125,-92.3948,-86.9490,-83.4920,-83.2638,-82.5175,-82.2420,646.0000
40.4639,0.0000,-115.0625,-113.5875,-111.7500,-110.3125,-107.4530,-104.5625,-101.6720,-97.6880,-95.0000,-92.3250,-91.8750,281.0000
40.4639,30.0000,-93.9840,-93.5105,-90.9220,-90.3050,-88.8125,-85.0625,-80.3750,-78.7750,-77.6875,-76.6875,-76.1250,1565.0000
40.4639,60.0000,-95.1875,-94.1250,-93.1250,-92.8125,-91.3125,-88.0780,-85.7500,-82.4276,-81.5228,-80.8613,-80.3830,1130.0000
40.4639,90.0000,-99.5625,-97.8750,-96.5000,-95.3750,-93.6875,-91.3750,-85.0115,-83.6800,-83.0595,-82.6560,-82.3750,1107.0000
40.4639,120.0000,-98.5000,-98.3750,-97.8750,-97.3750,-95.8125,-91.6562,-87.1620,-83.4300,-83.2026,-82.6019,-82.3750,700.0000
40.4640,0.0000,-116.1875,-114.4825,-112.8375,-110.7375,-108.5000,-104.8750,-102.7500,-97.7890,-95.9346,-91.9400,-90.4375,253.0000
40.4640,30.0000,-93.0470,-92.0862,-90.8830,-90.3125,-88.7150,-85.0625,-81.0156,-79.1250,-78.3656,-77.4356,-77.0000,1398.0000
40.4640,60.0000,-96.3125,-94.8125,-93.4750,-92.8875,-91.5000,-88.0625,-84.9375,-82.8670,-81.7970,-81.0160,-80.6950,1109.0000
40.4640,90.0000,-99.1875,-98.1450,-96.8125,-95.7500,-93.1250,-92.0000,-84.8183,-83.5080,-83.2058,-82.8414,-82.3360,1168.0000
40.4640,120.0000,-99.3125,-98.6600,-97.6875,-97.3750,-96.0000,-91.1875,-87.0230,-83.3622,-83.2270,-82.3713,-82.0390,745.0000
40.4641,0.0000,-114.3750,-113.6925,-110.5684,-109.5984,-106.0312,-104.3750,-100.7812,-96.3250,-94.2848,-92.4950,-92.0625,247.0000
40.4641,30.0000,-94.8120,-93.6098,-91.2456,-90.3272,-88.8125,-86.0662,-82.6250,-79.1312,-78.5000,-77.4375,-76.9375,1472.0000
40.4641,60.0000,-96.0625,-95.1250,-93.3050,-92.3125,-89.0625,-87.6250,-84.8050,-83.0310,-81.8200,-81.2030,-80.9220,1301.0000
40.4641,90.0000,-99.4375,-97.5369,-95.5531,-94.8563,-93.8125,-91.1562,-84.9023,-83.2810,-83.1030,-82.6461,-82.3200,864.0000
40.4641,120.0000,-98.9375,-98.5625,-97.8125,-96.6875,-94.9219,-91.5585,-87.3398,-83.6840,-83.2210,-82.7492,-82.3750,646.0000
40.4642,0.0000,-115.1250,-111.0925,-109.8625,-109.5138,-106.0625,-103.6560,-100.2970,-95.5250,-94.4375,-91.1875,-90.4375,285.0000
40.4642,30.0000,-93.0310,-92.2784,-90.8416,-90.3122,-88.1875,-85.8750,-82.1875,-79.9750,-78.7500,-77.8125,-77.5000,1367.0000
40.4642,60.0000,-96.4375,-94.6663,-93.1250,-92.3750,-89.6875,-87.9375,-84.9530,-82.6020,-81.7556,-81.1977,-81.0080,1935.0000
40.4642,90.0000,-98.5000,-97.9106,-97.1250,-96.1250,-94.1875,-90.8438,-84.9610,-83.3120,-83.0952,-82.5940,-82.2030,844.0000
40.4642,120.0000,-100.1875,-99.9375,-97.0125,-96.5625,-95.3750,-92.3750,-86.3910,-83.6138,-83.4204,-83.2625,-82.9840,557.0000
40.4643,0.0000,-111.8910,-111.4176,-110.0900,-109.4610,-105.8400,-102.5780,-99.5312,-94.4375,-92.0312,-90.9563,-89.5625,311.0000
40.4643,30.0000,-92.1950,-91.9418,-91.2142,-90.2532,-88.3050,-86.4690,-83.7812,-80.4750,-79.5625,-78.0000,-77.5000,1147.0000
40.4643,60.0000,-97.1875,-95.3825,-93.8750,-92.3750,-89.9375,-88.1875,-85.6875,-82.4468,-81.7970,-81.3572,-81.1410,1289.0000
40.4643,90.0000,-98.8750,-98.0356,-96.8750,-95.4313,-94.3750,-91.0000,-85.2850,-83.3838,-83.2580,-82.7940,-82.2420,882.0000
40.4643,120.0000,-101.5000,-100.6363,-98.9125,-96.6875,-95.3125,-93.0000,-87.2695,-83.3830,-83.1170,-82.1701,-81.6720,583.0000
40.4644,0.0000,-113.2500,-111.9488,-110.8125,-110.0608,-108.3125,-103.8280,-100.3750,-95.4405,-94.6000,-92.3050,-91.1250,225.0000
40.4644,30.0000,-93.3200,-92.1192,-91.3882,-90.7842,-88.5350,-86.3750,-83.9375,-80.4375,-79.8531,-78.2788,-77.9375,1174.0000
40.4644,60.0000,-97.2500,-95.3750,-94.6875,-94.1937,-90.1250,-88.5625,-85.7500,-82.4300,-81.8520,-81.1437,-80.8120,1140.0000
40.4644,90.0000,-98.2500,-97.9587,-97.3125,-96.0000,-94.3750,-91.6250,-85.5780,-83.5230,-83.1845,-82.6872,-82.2730,867.0000
40.4644,120.0000,-99.6250,-98.9175,-96.7938,-96.4000,-95.1250,-93.1250,-86.8320,-83.8060,-83.4546,-81.3643,-81.2340,667.0000
40.4645,0.0000,-114.0000,-113.9363,-112.2247,-111.3300,-107.6875,-104.9375,-100.4490,-96.0094,-95.2884,-94.0075,-93.8125,203.0000
40.4645,30.0000,-93.9530,-93.0940,-91.7102,-90.5597,-88.0940,-86.6995,-83.7500,-80.4437,-79.8125,-78.9256,-78.1250,1382.0000
40.4645,60.0000,-97.1480,-96.1538,-94.6250,-94.1875,-92.0625,-88.9375,-86.3125,-82.7660,-82.0032,-81.4450,-81.0780,1155.0000
40.4645,90.0000,-99.1875,-98.0469,-97.4375,-94.9375,-94.2500,-88.3125,-85.1898,-83.7660,-83.2580,-82.0680,-81.4690,1126.0000
40.4645,120.0000,-97.4375,-96.9375,-96.6437,-95.1250,-94.0312,-90.8750,-85.0390,-83.6656,-83.4220,-83.0409,-82.7270,595.0000
40.4646,0.0000,-114.2030,-114.0206,-111.9031,-111.2995,-108.9940,-105.9768,-103.2125,-99.8986,-97.0687,-95.0456,-94.6250,192.0000
40.4646,30.0000,-93.9450,-93.3560,-91.2782,-89.8750,-87.9688,-86.4338,-82.6875,-80.7500,-79.6875,-78.1875,-77.5000,1444.0000
40.4646,60.0000,-98.0625,-96.3356,-95.0000,-94.3125,-92.5000,-89.3125,-86.8750,-82.5494,-82.0952,-81.4890,-81.1720,1164.0000
40.4646,90.0000,-98.5000,-98.2875,-97.7500,-97.2500,-94.3125,-90.8125,-85.6250,-83.7580,-83.2340,-82.4090,-81.9140,921.0000
40.4646,120.0000,-100.2500,-98.3325,-96.8125,-96.4375,-95.2500,-91.5000,-85.6800,-84.0048,-83.7190,-83.3134,-83.1090,657.0000
40.4647,0.0000,-115.7730,-114.2329,-113.1132,-111.9062,-110.6347,-107.9297,-105.1759,-102.2210,-100.2894,-95.2019,-93.2500,188.0000
40.4647,30.0000,-94.3050,-93.0000,-91.9450,-89.5000,-87.8910,-86.4375,-84.3125,-81.1812,-80.4375,-78.7500,-77.6875,1430.0000
40.4647,60.0000,-97.0000,-94.5200,-92.0375,-91.3125,-90.1250,-88.5000,-84.8220,-82.1950,-81.8750,-81.6344,-81.3910,918.0000
40.4647,90.0000,-99.5000,-99.0413,-98.3500,-96.9750,-94.6562,-92.4375,-85.9300,-84.2660,-83.7222,-83.0310,-82.7110,935.0000
40.4647,120.0000,-98.3125,-98.0425,-96.9000,-96.4375,-95.3750,-90.8125,-88.1250,-83.8968,-83.4578,-82.8002,-82.4920,617.0000
40.4648,0.0000,-116.7730,-114.4662,-113.2406,-109.2610,-106.5620,-104.5000,-97.5625,-96.3750,-95.8750,-93.2500,-92.3750,685.0000
40.4648,30.0000,-123.0000,-98.0000,-93.0782,-90.4028,-88.3830,-86.9220,-83.9375,-81.1250,-80.4375,-79.4550,-78.3750,1565.0000
40.4648,60.0000,-96.6250,-92.8875,-91.7500,-90.7500,-89.8125,-88.5625,-85.8750,-82.4060,-81.9690,-81.4284,-81.0700,941.0000
40.4648,90.0000,-100.0625,-98.8750,-97.7719,-96.1875,-94.4375,-93.0000,-86.0160,-84.1880,-83.4996,-82.3528,-82.1410,774.0000
40.4648,120.0000,-102.4375,-99.8725,-98.0000,-96.6813,-95.5000,-91.1562,-88.4338,-83.8838,-83.5087,-82.9531,-82.7660,602.0000
40.4649,0.0000,-118.5860,-118.1357,-116.5515,-114.8629,-111.4828,-106.9688,-103.4160,-95.8125,-95.0625,-94.6244,-93.8750,200.0000
40.4649,30.0000,-96.2970,-93.8582,-91.3551,-89.7707,-87.9375,-86.6250,-84.5741,-82.0062,-81.0000,-80.2500,-76.4375,2012.0000
40.4649,60.0000,-93.1875,-92.7500,-91.8125,-91.5000,-90.5625,-89.4375,-84.9062,-82.2738,-81.7074,-81.2349,-80.9920,812.0000
40.4649,90.0000,-99.4375,-99.1250,-96.9375,-95.1875,-93.3125,-88.8750,-85.6950,-84.1880,-83.2580,-82.2890,-81.5000,801.0000
40.4649,120.0000,-101.3750,-98.0169,-96.8125,-96.4375,-94.7500,-91.4688,-88.3417,-84.3931,-83.7287,-82.8237,-82.6330,574.0000
40.4650,0.0000,-117.5390,-116.9676,-115.8886,-114.8382,-111.8828,-108.2580,-105.4724,-97.8750,-96.4250,-95.3769,-95.0625,204.0000
40.4650,30.0000,-96.4610,-93.9403,-90.6050,-88.9920,-87.3360,-85.8125,-84.1875,-82.3750,-81.5000,-80.3125,-79.1875,2937.0000
40.4650,60.0000,-93.4375,-93.1400,-92.3500,-91.8750,-90.6250,-89.2500,-84.6880,-82.0502,-81.7372,-81.1630,-80.9920,689.0000
40.4650,90.0000,-99.5000,-99.0625,-98.4375,-96.1875,-93.5000,-89.8750,-85.6370,-83.9805,-83.0822,-82.1420,-80.5080,616.0000
40.4650,120.0000,-99.6250,-99.2550,-97.8125,-97.1125,-93.7500,-90.1875,-87.8280,-84.3908,-83.5234,-82.8860,-82.5470,793.0000
40.4651,0.0000,-119.4300,-118.5072,-115.9844,-114.3050,-110.0390,-107.4375,-104.6875,-100.2750,-96.3250,-95.5100,-95.2500,205.0000
40.4651,30.0000,-94.9690,-94.3274,-91.6382,-90.3590,-88.7500,-87.6055,-85.8125,-82.8125,-81.6469,-80.5000,-79.4375,1408.0000
40.4651,60.0000,-94.3750,-93.3125,-92.7500,-92.1875,-90.6250,-89.3750,-83.1955,-82.1784,-81.6170,-81.3643,-81.1560,667.0000
40.4651,90.0000,-99.6250,-99.5000,-96.4969,-94.6875,-93.5000,-88.8750,-86.2498,-84.1496,-83.2190,-82.6806,-82.5000,802.0000
40.4651,120.0000,-102.0000,-99.4444,-98.4437,-96.8812,-93.0469,-89.6250,-87.1565,-84.5605,-83.7730,-83.3476,-82.8440,790.0000
40.4652,0.0000,-118.9140,-117.9934,-115.6156,-114.6158,-111.8200,-108.2420,-105.6250,-98.7500,-97.5375,-96.8200,-96.1875,213.0000
40.4652,30.0000,-94.2970,-93.5888,-91.5335,-90.0860,-88.7500,-87.5625,-86.0625,-83.4375,-82.4375,-81.6250,-81.0625,1166.0000
40.4652,60.0000,-94.3750,-93.6250,-92.5781,-91.8125,-90.6875,-89.6875,-84.7047,-82.2810,-81.9570,-81.2733,-81.0620,676.0000
40.4652,90.0000,-100.4375,-99.9625,-98.3750,-95.9375,-93.9375,-89.3750,-85.8750,-84.3050,-83.3590,-82.7766,-82.0000,761.0000
40.4652,120.0000,-99.7500,-98.7744,-97.0000,-94.7875,-91.0625,-90.1250,-88.4470,-84.0628,-83.4840,-83.1139,-82.5780,1762.0000
40.4653,0.0000,-119.5000,-117.9390,-114.5318,-112.6250,-109.5920,-107.6365,-105.3144,-99.9375,-99.2156,-90.7044,-89.8125,910.0000
40.4653,30.0000,-97.3360,-92.8584,-91.7280,-89.6050,-88.7420,-87.9375,-85.8125,-83.0000,-82.0875,-80.8750,-80.0625,1109.0000
40.4653,60.0000,-93.8750,-93.1250,-92.0438,-91.5000,-90.5000,-89.2500,-87.3750,-82.3280,-81.9300,-81.3477,-81.0080,1147.0000
40.4653,90.0000,-100.8125,-100.0656,-98.3781,-95.8125,-94.1406,-89.6875,-86.7032,-84.7079,-83.7262,-83.3183,-82.9770,780.0000
40.4653,120.0000,-101.8125,-100.1100,-98.3750,-97.6188,-93.1250,-92.1250,-88.9375,-84.2340,-83.9530,-83.2795,-82.8980,1382.0000
40.4654,0.0000,-123.5860,-117.3284,-116.1480,-115.2730,-108.6875,-107.7500,-104.1875,-102.5625,-100.8750,-94.5594,-90.8750,7196.0000
40.4654,30.0000,-93.3980,-92.2121,-90.5000,-89.9450,-88.5470,-87.8125,-85.9375,-82.8750,-81.8312,-81.0000,-80.6250,1087.0000
40.4654,60.0000,-94.1875,-92.8025,-92.0000,-91.5625,-90.6875,-88.9530,-86.7500,-82.4140,-81.4364,-80.9153,-80.7190,1017.0000
40.4654,90.0000,-102.0625,-101.7000,-98.8750,-97.6250,-94.8750,-89.3125,-87.2188,-84.3830,-83.3440,-82.9517,-82.1480,971.0000
40.4654,120.0000,-101.8750,-99.8050,-97.8125,-96.9375,-92.8125,-89.5000,-88.0625,-84.5988,-83.9791,-83.5310,-83.2660,1207.0000
40.4655,0.0000,-120.2500,-118.0293,-112.2026,-107.8250,-101.0000,-100.0000,-98.9375,-95.6250,-94.7500,-81.8056,-81.3125,1090.0000
40.4655,30.0000,-93.3440,-91.8606,-90.1640,-89.5080,-88.4375,-87.5740,-83.7344,-82.8750,-82.5625,-81.6875,-80.6875,1396.0000
40.4655,60.0000,-93.6875,-93.1250,-91.8125,-91.2562,-90.1250,-88.7380,-85.0620,-82.6720,-81.9690,-81.0108,-80.6720,1320.0000
40.4655,90.0000,-98.6250,-98.0625,-97.7500,-97.3750,-95.1875,-91.8438,-86.2990,-83.8224,-83.1736,-82.4775,-82.0700,602.0000
40.4655,120.0000,-99.0000,-98.2500,-97.6875,-97.1750,-93.9375,-89.5625,-88.3750,-84.0796,-83.7516,-83.3736,-83.2190,883.0000
40.4656,0.0000,-120.0000,-119.2180,-118.0000,-116.9354,-112.3870,-109.3007,-106.7656,-101.8937,-100.1625,-98.0763,-97.0625,138.0000
40.4656,30.0000,-100.7810,-93.8016,-90.0772,-89.4905,-88.7130,-88.0550,-84.3750,-82.6875,-81.3125,-79.9694,-77.1875,1152.0000
40.4656,60.0000,-94.6250,-93.6250,-93.2500,-92.7500,-91.0000,-89.3125,-85.4450,-83.2730,-82.2158,-80.9435,-80.6800,913.0000
40.4656,90.0000,-100.1875,-99.1300,-98.0000,-97.2125,-95.0625,-91.5625,-86.7930,-84.4800,-82.9530,-82.5897,-82.4840,547.0000
40.4656,120.0000,-99.5000,-98.8588,-97.7313,-97.1875,-93.0000,-89.6250,-88.3205,-84.0860,-83.6194,-83.2152,-82.6720,827.0000
40.4657,0.0000,-119.0000,-118.5901,-116.0785,-115.1893,-113.0530,-107.0000,-101.7656,-98.8187,-97.8750,-97.0425,-96.3125,118.0000
40.4657,30.0000,-95.3200,-94.6784,-90.3092,-89.5186,-88.5625,-87.8200,-84.8125,-83.1875,-82.6875,-81.8175,-81.0625,1005.0000
40.4657,60.0000,-93.6875,-93.3125,-92.5625,-91.8750,-91.1250,-90.0940,-87.2500,-82.9028,-81.6936,-81.0230,-80.8590,877.0000
40.4657,90.0000,-100.1875,-99.6250,-98.4375,-97.6688,-95.0625,-92.2500,-87.0310,-84.6057,-83.2524,-82.6151,-82.0000,614.0000
40.4657,120.0000,-101.6250,-99.3575,-98.1250,-97.6250,-93.6250,-89.6250,-88.3520,-84.1330,-83.5780,-82.9502,-82.7730,789.0000
40.4658,0.0000,-122.7190,-122.6408,-119.0799,-115.4454,-111.1305,-106.2500,-100.9062,-96.9688,-95.8750,-95.5669,-95.3125,108.0000
40.4658,30.0000,-95.2730,-94.0700,-90.5160,-89.4530,-88.2500,-87.3050,-84.1250,-83.0000,-82.5000,-80.9375,-80.6250,1281.0000
40.4658,60.0000,-94.8750,-94.1250,-92.8750,-92.1875,-91.1875,-89.8750,-86.4415,-83.3328,-82.2929,-80.6021,-80.3670,827.0000
40.4658,90.0000,-99.6250,-98.8919,-97.8125,-97.0000,-94.3750,-90.2930,-86.8770,-83.6431,-83.0752,-82.1794,-81.5000,674.0000
40.4658,120.0000,-98.6875,-98.3475,-97.9250,-97.4375,-95.1875,-89.7500,-88.5000,-83.8392,-83.4752,-82.8941,-82.3440,645.0000
40.4659,0.0000,-137.3980,-127.1410,-119.0112,-116.2539,-113.7758,-106.1250,-101.5625,-99.0500,-96.6875,-96.0206,-95.8125,120.0000
40.4659,30.0000,-95.0620,-94.3269,-91.2030,-90.2330,-88.5000,-87.5700,-84.2500,-83.1875,-82.7500,-82.1875,-81.9375,1237.0000
40.4659,60.0000,-93.8750,-93.7500,-92.5000,-92.0000,-91.0625,-89.6562,-86.8750,-83.3312,-82.9758,-81.9048,-80.5940,998.0000
40.4659,90.0000,-99.3125,-98.5000,-97.5000,-96.6250,-93.8125,-88.6250,-86.9450,-84.5642,-83.3470,-82.7346,-82.5000,805.0000
40.4659,120.0000,-99.1250,-98.9537,-98.3750,-98.0000,-95.6875,-90.5625,-88.1250,-83.7922,-83.4461,-82.9349,-82.4300,675.0000
40.4660,0.0000,-121.0230,-121.0000,-116.6084,-115.6548,-112.8220,-106.4688,-99.7656,-90.1875,-89.5469,-89.1875,-89.1250,112.0000
40.4660,30.0000,-95.9530,-94.9935,-91.2597,-90.5115,-89.0621,-88.1330,-85.2969,-83.7500,-83.3125,-82.5000,-82.1250,1096.0000
40.4660,60.0000,-94.0000,-93.4600,-92.5500,-92.1250,-91.2500,-89.6250,-86.3125,-83.2298,-82.8312,-82.0595,-81.7270,865.0000
40.4660,90.0000,-99.3125,-99.0500,-97.1250,-95.8750,-93.9375,-90.7730,-87.2970,-85.1640,-83.5000,-83.0636,-82.9450,821.0000
40.4660,120.0000,-100.2500,-99.0625,-98.1906,-97.2500,-94.6250,-90.1953,-86.2518,-84.0613,-83.7258,-83.3923,-83.1250,720.0000
40.4661,0.0000,-138.2340,-127.5230,-118.7110,-116.1950,-114.1020,-107.1875,-103.3125,-101.4375,-99.5000,-98.5750,-98.0625,121.0000
40.4661,30.0000,-97.1880,-95.5427,-91.5451,-90.5700,-89.5625,-88.2500,-84.9375,-84.0625,-83.6250,-82.8125,-82.2500,1055.0000
40.4661,60.0000,-94.2500,-93.0625,-92.2500,-91.6875,-91.0625,-89.7500,-86.2130,-83.2787,-82.6278,-82.3200,-82.0550,830.0000
40.4661,90.0000,-98.5000,-98.2500,-97.4375,-96.9375,-94.8281,-91.2500,-87.6250,-84.9578,-83.6255,-82.8202,-82.6560,704.0000
40.4661,120.0000,-99.1250,-98.5031,-97.6250,-96.7500,-93.6719,-89.7615,-87.7656,-84.0390,-83.5628,-83.0695,-82.7500,566.0000
40.4662,0.0000,-137.0310,-122.0000,-120.5138,-118.1525,-113.0625,-107.3438,-103.2812,-100.9375,-99.8906,-98.5438,-97.7500,106.0000
40.4662,30.0000,-97.5940,-94.9456,-90.9798,-90.6154,-90.0550,-89.0470,-85.3750,-84.1875,-83.7500,-83.1250,-82.3125,893.0000
40.4662,60.0000,-95.0000,-93.2500,-92.0625,-91.4375,-90.6875,-89.3125,-86.2970,-82.9404,-82.3734,-81.4892,-81.3120,889.0000
40.4662,90.0000,-99.2500,-98.7738,-97.8125,-97.0625,-94.1875,-90.7970,-87.2070,-83.9122,-83.4770,-83.2500,-82.0000,663.0000
40.4662,120.0000,-99.0625,-98.1550,-97.4375,-96.9500,-96.0938,-91.5625,-87.2420,-84.0764,-83.5439,-82.8769,-82.6640,639.0000
40.4663,0.0000,-138.2110,-127.5535,-117.5484,-115.1796,-113.6405,-108.3750,-105.1250,-102.7875,-101.3500,-100.2400,-99.7500,99.0000
40.4663,30.0000,-94.3830,-93.7847,-91.7312,-91.3064,-90.2270,-87.6875,-85.1250,-84.3750,-84.0000,-83.3750,-82.8125,1289.0000
40.4663,60.0000,-92.7500,-92.4869,-91.8750,-91.5625,-90.7500,-89.1875,-86.4060,-83.6098,-82.9068,-82.3120,-81.9450,822.0000
40.4663,90.0000,-99.1250,-98.3125,-97.6250,-97.0625,-93.7500,-89.1875,-86.7500,-83.6078,-83.3050,-82.9581,-82.0000,737.0000
40.4663,120.0000,-101.8750,-98.5775,-97.5000,-97.1875,-93.8125,-90.1020,-85.7890,-84.3050,-83.9522,-83.6164,-83.3520,599.0000
40.4664,0.0000,-120.0000,-120.0000,-119.3398,-118.1348,-113.6388,-110.8750,-105.7188,-103.3000,-101.1188,-99.7425,-99.0000,100.0000
40.4664,30.0000,-93.8910,-93.1950,-91.5148,-91.0676,-89.9710,-88.4920,-85.1875,-84.1875,-83.8125,-83.3519,-82.2500,1064.0000
40.4664,60.0000,-93.3125,-92.9375,-92.5000,-92.1250,-90.9531,-89.1875,-87.1720,-84.4196,-83.7556,-82.8889,-82.4140,688.0000
40.4664,90.0000,-99.7500,-99.5031,-97.5625,-96.8187,-94.8906,-91.1407,-86.8241,-84.1944,-83.3670,-82.5074,-81.8590,620.0000
40.4664,120.0000,-99.2500,-98.2913,-97.1969,-96.7500,-94.1250,-90.0900,-88.2656,-84.3280,-83.8268,-83.0874,-82.7890,718.0000
40.4665,0.0000,-123.5780,-123.3724,-120.0188,-115.8628,-112.0000,-110.1875,-106.2500,-104.1750,-103.4000,-99.8175,-99.1250,109.0000
40.4665,30.0000,-94.5000,-93.9178,-92.5132,-91.5599,-89.9610,-87.8125,-85.5000,-84.4375,-84.0000,-82.7500,-81.5000,1354.0000
40.4665,60.0000,-94.3750,-93.0625,-92.3125,-91.7500,-90.6663,-88.5743,-86.5430,-84.4020,-83.6917,-82.8163,-82.4140,766.0000
40.4665,90.0000,-100.2500,-99.2913,-97.9375,-97.0625,-94.7500,-91.7695,-86.6820,-85.0550,-84.1869,-82.5624,-81.8440,818.0000
40.4665,120.0000,-98.1875,-97.7512,-97.2844,-96.5625,-93.6719,-89.5000,-88.2500,-84.5113,-83.7962,-83.4259,-83.2890,650.0000
40.4666,0.0000,-137.4380,-124.6509,-116.8486,-114.2748,-113.3438,-110.6875,-107.4062,-104.0750,-101.9188,-101.1200,-100.8125,83.0000
40.4666,30.0000,-93.8360,-93.2974,-91.1620,-90.5160,-89.5644,-88.2190,-85.8125,-84.4375,-83.9375,-83.1250,-82.1250,1196.0000
40.4666,60.0000,-93.5625,-92.9375,-92.3125,-91.8125,-90.8594,-88.4530,-86.6875,-84.0868,-83.2344,-82.6317,-82.2270,682.0000
40.4666,90.0000,-100.0625,-99.8125,-98.3750,-97.6250,-95.3125,-91.9375,-87.0235,-85.2500,-84.5804,-84.0592,-83.5080,643.0000
40.4666,120.0000,-98.8750,-98.5000,-97.5281,-96.9375,-95.0625,-91.4688,-87.7969,-84.7420,-84.5126,-84.0595,-83.7890,692.0000
40.4667,0.0000,-135.8440,-119.4380,-117.0890,-114.4750,-112.8125,-109.9375,-106.5000,-104.5250,-103.9750,-101.8750,-101.2500,113.0000
40.4667,30.0000,-95.9610,-94.5479,-91.9736,-90.4018,-89.5160,-88.3910,-85.8125,-85.0000,-84.5000,-83.5575,-82.5000,897.0000
40.4667,60.0000,-94.5000,-93.7319,-92.4375,-92.0000,-91.0625,-89.1250,-86.3635,-84.1170,-83.6772,-82.5776,-82.2270,630.0000
40.4667,90.0000,-100.6250,-99.8969,-99.4375,-98.8438,-97.1875,-94.1250,-86.7520,-85.1955,-84.4237,-83.9582,-82.7110,566.0000
40.4667,120.0000,-98.5000,-98.2500,-96.6875,-95.8125,-93.8125,-89.8120,-88.3750,-84.7110,-84.2874,-83.8091,-83.2420,759.0000
40.4668,0.0000,-137.1020,-119.5000,-115.9154,-114.9766,-113.7810,-110.4375,-107.3438,-104.7500,-102.4313,-101.7675,-101.3750,139.0000
40.4668,30.0000,-96.6330,-92.1338,-91.6950,-90.2970,-89.4020,-88.2890,-85.8750,-84.3125,-83.6250,-82.6437,-81.5625,1031.0000
40.4668,60.0000,-95.9375,-93.9881,-92.3781,-91.8750,-91.2500,-88.9765,-86.5430,-83.3806,-83.0620,-82.3547,-82.0860,540.0000
40.4668,90.0000,-101.3750,-100.5387,-99.1594,-98.1875,-96.9375,-94.0000,-86.9160,-84.6943,-84.4160,-83.8044,-83.4220,570.0000
40.4668,120.0000,-100.5625,-98.9725,-97.8125,-96.8750,-94.1875,-90.2660,-88.0000,-84.4466,-84.1998,-83.7225,-83.0940,773.0000
40.4669,0.0000,-137.0310,-123.5078,-116.7248,-115.3750,-114.3125,-111.5938,-109.7344,-105.1875,-104.7812,-103.8125,-103.8125,76.0000
40.4669,30.0000,-93.1410,-92.5626,-91.8750,-90.6250,-89.5606,-87.6480,-86.2500,-84.8750,-84.0000,-82.4956,-81.9375,994.0000
40.4669,60.0000,-94.3125,-93.7200,-92.6250,-91.6875,-90.6875,-89.2420,-87.9257,-83.9140,-83.4036,-82.8962,-82.2340,875.0000
40.4669,90.0000,-100.5625,-99.9375,-99.1250,-98.0375,-94.4375,-89.5000,-86.6800,-84.5892,-84.3846,-83.6950,-83.0080,725.0000
40.4669,120.0000,-101.9375,-99.0900,-97.2500,-96.6875,-95.4375,-89.8125,-88.5000,-84.2628,-83.9172,-83.3011,-82.6410,629.0000
40.4670,0.0000,-136.7500,-134.2642,-116.3757,-115.7133,-114.1759,-110.9062,-107.0469,-103.0687,-102.2625,-100.0062,-99.8125,112.0000
40.4670,30.0000,-92.8750,-92.2666,-91.6908,-90.8185,-89.2810,-87.9380,-86.1250,-84.5000,-83.7250,-82.8750,-82.3125,1093.0000
40.4670,60.0000,-93.2500,-92.5625,-92.0625,-91.8125,-90.7812,-89.0000,-86.9060,-83.7762,-83.5230,-82.5246,-82.1640,575.0000
40.4670,90.0000,-99.5625,-98.0675,-96.7500,-95.5125,-93.8125,-91.7500,-86.2110,-84.9690,-84.5342,-84.1952,-83.5080,749.0000
40.4670,120.0000,-99.0000,-98.4350,-97.2125,-96.6875,-95.8750,-90.6875,-88.0940,-84.5652,-84.2248,-83.9022,-83.7580,653.0000
40.4671,0.0000,-117.1640,-116.6496,-115.7750,-114.1266,-112.9375,-109.9770,-105.8750,-102.0000,-100.8000,-100.1400,-99.0000,109.0000
40.4671,30.0000,-92.9300,-92.5916,-91.2148,-90.5625,-89.2790,-87.8830,-85.6250,-84.5312,-83.8125,-82.6875,-82.0000,1116.0000
40.4671,60.0000,-95.1875,-92.5625,-92.2500,-92.0000,-91.0625,-89.3750,-87.2110,-83.9594,-83.6720,-83.1226,-82.8830,529.0000
40.4671,90.0000,-99.5625,-99.0000,-97.3906,-96.4375,-92.8750,-90.3005,-86.2632,-85.2230,-84.7500,-84.0092,-83.5080,816.0000
40.4671,120.0000,-97.8750,-97.7500,-97.1688,-96.6250,-95.8750,-89.9375,-88.5505,-84.7702,-84.5908,-84.2409,-84.0620,587.0000
40.4672,0.0000,-136.5390,-135.2269,-115.5626,-115.2972,-111.4960,-108.8050,-104.2812,-101.6875,-101.1000,-100.0662,-100.0625,107.0000
40.4672,30.0000,-93.2500,-92.1875,-91.3125,-90.8750,-89.5820,-88.3830,-86.7500,-85.1250,-84.5312,-82.3563,-81.6250,1571.0000
40.4672,60.0000,-94.4375,-93.1450,-92.3750,-91.9375,-91.0000,-89.3750,-86.3980,-83.7810,-83.6282,-83.4300,-82.9380,569.0000
40.4672,90.0000,-99.9375,-99.5337,-98.4188,-97.0625,-94.1875,-90.1250,-86.7615,-85.1372,-84.5515,-82.5817,-82.1090,747.0000
40.4672,120.0000,-100.1250,-98.3650,-97.2625,-96.4625,-95.2500,-90.9375,-88.6020,-84.9936,-84.7262,-83.9362,-83.6560,617.0000
40.4673,0.0000,-119.8050,-119.6402,-117.1254,-114.4439,-111.7502,-107.8125,-106.3948,-101.3500,-100.8875,-100.5050,-99.5000,103.0000
40.4673,30.0000,-92.4375,-91.9244,-91.0625,-90.6250,-89.8320,-88.2500,-86.7440,-84.9856,-84.0000,-82.4769,-81.1875,1322.0000
40.4673,60.0000,-93.5625,-93.1875,-92.6250,-92.0687,-90.6250,-88.5625,-86.2560,-84.1162,-83.7886,-83.0080,-82.9060,540.0000
40.4673,90.0000,-99.5625,-99.3750,-98.8750,-97.6875,-94.3125,-91.9688,-86.8555,-85.0223,-84.4333,-83.1900,-82.7110,780.0000
40.4673,120.0000,-99.6250,-98.8125,-97.6594,-95.5000,-94.4375,-90.5625,-88.9375,-84.9132,-84.3081,-83.8120,-83.4920,570.0000
40.4674,0.0000,-120.0000,-119.8186,-116.1414,-115.2030,-110.9453,-107.7970,-103.6562,-100.8875,-100.0563,-99.5625,-98.1250,107.0000
40.4674,30.0000,-93.0625,-92.1250,-90.7500,-90.4252,-89.1405,-88.0000,-85.9375,-84.4125,-83.7688,-82.9537,-82.4375,927.0000
40.4674,60.0000,-93.3750,-93.1331,-92.7500,-92.3937,-91.3125,-88.9180,-86.8942,-84.4172,-84.0185,-83.7055,-82.9450,588.0000
40.4674,90.0000,-100.9375,-100.5000,-99.6250,-98.8750,-96.7500,-91.4375,-87.4770,-85.7030,-84.7110,-82.6020,-82.3980,601.0000
40.4674,120.0000,-117.8125,-115.5575,-97.6875,-96.8750,-94.3438,-89.6250,-88.6250,-85.0988,-84.3662,-83.8045,-83.4060,619.0000
40.4675,0.0000,-115.8750,-115.8219,-115.5075,-114.7500,-112.9375,-107.8125,-103.7969,-101.5625,-100.3438,-99.5438,-99.4375,86.0000
40.4675,30.0000,-92.5000,-91.7500,-91.1808,-90.5016,-89.0820,-87.8440,-85.4375,-84.2500,-83.6875,-82.9375,-82.4375,999.0000
40.4675,60.0000,-93.6250,-93.2687,-92.5625,-92.0000,-91.0000,-87.9920,-85.9998,-84.7695,-84.4530,-83.9162,-83.2890,486.0000
40.4675,90.0000,-101.1250,-100.3750,-99.5000,-99.0000,-97.4375,-91.2810,-88.6875,-85.5828,-84.5195,-82.8365,-82.7030,604.0000
40.4675,120.0000,-100.8750,-99.4900,-98.3125,-97.3750,-95.5625,-89.7500,-88.1915,-84.6004,-84.2492,-83.5986,-83.1560,559.0000
40.4676,0.0000,-117.8440,-117.3629,-116.8055,-116.5152,-113.8750,-108.4963,-101.2344,-98.8812,-98.0187,-97.5269,-97.3750,82.0000
40.4676,30.0000,-92.1250,-91.5625,-91.0625,-90.5344,-89.3750,-88.1950,-86.0000,-84.2500,-83.6875,-82.9375,-82.3750,1093.0000
40.4676,60.0000,-94.5625,-93.0625,-92.5625,-92.0625,-90.8750,-89.2500,-86.7340,-84.6906,-84.2468,-83.6861,-83.4610,597.0000
40.4676,90.0000,-100.5625,-100.0000,-99.2500,-98.7625,-96.9375,-93.3750,-88.5625,-85.4206,-84.8622,-82.9220,-81.3280,729.0000
40.4676,120.0000,-99.4375,-99.3125,-97.1875,-96.4375,-93.4375,-90.2500,-88.3125,-84.5264,-84.2596,-83.9493,-83.7500,385.0000
40.4677,0.0000,-113.0625,-112.9975,-112.5000,-112.1250,-110.4375,-106.7730,-102.5625,-100.2750,-99.7500,-98.1625,-98.0000,53.0000
40.4677,30.0000,-93.8125,-92.4262,-91.3750,-90.8750,-89.4100,-88.2340,-86.5155,-84.2500,-83.5625,-82.5625,-81.6250,1007.0000
40.4677,60.0000,-94.7500,-92.8312,-92.2500,-91.8125,-91.0625,-88.9062,-87.0310,-84.7500,-84.2600,-83.6044,-83.3980,636.0000
40.4677,90.0000,-100.1250,-99.8213,-98.3750,-97.7313,-96.3125,-92.1020,-88.0000,-85.0117,-84.1757,-82.9300,-81.1800,694.0000
40.4677,120.0000,-96.9375,-96.5156,-96.1875,-95.8750,-94.0000,-89.7500,-88.6133,-85.1520,-84.5000,-83.7640,-83.6880,476.0000
40.4678,0.0000,-117.2580,-117.1430,-116.9580,-116.2753,-112.1250,-108.5625,-104.3750,-102.9750,-102.0875,-99.4150,-98.4375,93.0000
40.4678,30.0000,-93.4375,-92.8419,-91.6198,-91.0000,-89.7950,-88.6250,-85.8750,-84.2062,-83.4375,-82.3456,-81.0000,954.0000
40.4678,60.0000,-94.8750,-93.4800,-92.5000,-92.1875,-91.1875,-88.9375,-86.7340,-84.8984,-84.3122,-83.8280,-83.6720,517.0000
40.4678,90.0000,-99.9375,-99.7500,-99.0625,-98.0000,-95.1094,-93.0000,-89.3125,-84.7030,-84.2340,-83.2190,-82.8830,742.0000
40.4678,120.0000,-99.8750,-97.2350,-96.2594,-95.8937,-94.0625,-89.9375,-87.9380,-85.3569,-85.0089,-83.9696,-83.7580,478.0000
40.4679,0.0000,-135.8830,-123.7477,-117.9574,-117.0000,-113.7188,-111.0470,-105.8750,-102.9125,-101.6688,-101.0850,-100.4375,75.0000
40.4679,30.0000,-93.1875,-92.4795,-91.5519,-91.0000,-89.3910,-88.1915,-85.9026,-84.3125,-83.7156,-82.3750,-81.3750,990.0000
40.4679,60.0000,-92.8750,-92.6250,-92.0625,-91.6875,-90.5000,-89.2500,-86.7480,-85.0095,-84.0940,-83.8864,-83.5620,572.0000
40.4679,90.0000,-97.5625,-97.0625,-96.1875,-95.4250,-94.3438,-92.5625,-88.9375,-85.0050,-84.0963,-82.8314,-82.5940,643.0000
40.4679,120.0000,-97.2500,-96.9675,-96.2500,-95.9375,-94.5000,-89.6020,-87.8980,-85.6424,-85.3980,-84.7072,-84.3670,453.0000
40.4680,0.0000,-118.2110,-117.8606,-117.0936,-115.3623,-111.5000,-107.8360,-105.2500,-104.1750,-103.9375,-103.1275,-102.9375,77.0000
40.4680,30.0000,-93.8125,-92.8266,-91.9351,-91.3750,-89.5547,-88.2270,-86.5625,-84.5625,-83.8750,-82.9138,-81.7500,1063.0000
40.4680,60.0000,-95.3125,-93.9737,-92.9375,-92.5625,-90.9844,-88.6875,-86.2730,-84.2754,-83.9458,-83.1332,-82.7580,522.0000
40.4680,90.0000,-99.1875,-98.0794,-96.2719,-95.5625,-94.4375,-91.3438,-86.8452,-84.7500,-83.9651,-83.1698,-82.9610,574.0000
40.4680,120.0000,-99.8125,-98.2812,-96.3438,-95.7500,-94.6875,-90.4375,-87.4650,-85.5390,-84.4530,-84.1015,-83.8910,451.0000
40.4681,0.0000,-117.4380,-117.2829,-116.5498,-115.3250,-113.0938,-106.5860,-104.8865,-104.4750,-104.2062,-103.5350,-102.8750,67.0000
40.4681,30.0000,-93.6875,-93.3125,-92.1436,-91.3750,-89.7500,-88.5000,-86.4375,-85.0000,-84.5000,-83.5625,-82.6875,989.0000
40.4681,60.0000,-93.5625,-93.2738,-92.5000,-91.4313,-90.1875,-88.4530,-86.4491,-84.3606,-83.7272,-82.2049,-82.0470,632.0000
40.4681,90.0000,-99.2500,-98.3269,-97.5094,-96.9375,-95.0000,-91.9375,-88.9531,-83.9047,-83.2270,-82.9573,-82.7810,678.0000
40.4681,120.0000,-98.8750,-96.1562,-95.6875,-95.2500,-93.9375,-89.6250,-87.4805,-85.4530,-85.1405,-84.7695,-84.2890,451.0000
40.4682,0.0000,-116.5230,-116.1693,-115.4235,-114.6000,-109.2500,-108.0625,-106.5000,-105.2875,-104.6188,-103.3363,-103.1875,139.0000
40.4682,30.0000,-93.9375,-93.0269,-92.3125,-91.7580,-90.5625,-89.0700,-86.8281,-85.0625,-84.2406,-80.7231,-79.5000,1158.0000
40.4682,60.0000,-94.1250,-93.7500,-93.1875,-92.3750,-90.5625,-88.3750,-86.0235,-84.4140,-83.5700,-82.7605,-82.5780,591.0000
40.4682,90.0000,-98.1875,-97.8750,-97.1000,-96.3875,-94.1875,-92.2500,-86.3910,-84.1250,-83.4722,-83.0854,-82.6090,749.0000
40.4682,120.0000,-99.9375,-99.3525,-96.7500,-96.1625,-94.5000,-90.6250,-87.6020,-85.4952,-85.0246,-84.0457,-83.9300,385.0000
40.4683,0.0000,-116.9375,-116.6856,-116.3697,-115.1635,-113.1250,-110.2575,-106.9688,-104.8688,-104.5625,-103.8769,-102.8750,104.0000
40.4683,30.0000,-94.2810,-93.6250,-92.5000,-91.8125,-90.3750,-88.9300,-86.7969,-84.7062,-83.6344,-82.5625,-81.8750,1104.0000
40.4683,60.0000,-93.7500,-93.5281,-93.0312,-92.1250,-90.8125,-88.4375,-85.4590,-84.3945,-83.6680,-82.8761,-82.6560,656.0000
40.4683,90.0000,-99.1875,-97.9919,-97.0219,-96.4375,-94.0000,-91.8790,-88.1250,-84.9084,-84.4300,-83.8450,-83.0940,814.0000
40.4683,120.0000,-97.8750,-96.1181,-95.1531,-94.4375,-93.6250,-89.9062,-87.6250,-85.0819,-84.8120,-83.4719,-83.2030,412.0000
40.4684,0.0000,-117.1170,-116.9368,-116.3875,-115.8924,-114.8066,-110.2070,-107.4375,-105.4813,-105.0625,-104.7119,-104.3750,78.0000
40.4684,30.0000,-94.0625,-93.4437,-91.8790,-91.3360,-90.4805,-89.0780,-87.2540,-85.5625,-84.0625,-82.7500,-81.0625,1091.0000
40.4684,60.0000,-95.0625,-94.6425,-93.6875,-92.8750,-91.7812,-88.3750,-85.6095,-84.3846,-83.5964,-82.5682,-82.3670,587.0000
40.4684,90.0000,-100.4375,-99.9019,-98.5094,-96.9375,-94.0000,-92.3750,-88.0625,-84.5780,-84.1148,-83.6307,-83.4220,758.0000
40.4684,120.0000,-98.9375,-97.4313,-95.8750,-95.5000,-93.9062,-89.9690,-87.5900,-85.2030,-84.9387,-84.5928,-84.2730,423.0000
40.4685,0.0000,-117.9375,-117.7969,-117.2812,-116.7812,-115.1520,-111.8595,-105.7344,-104.2188,-103.8125,-103.5156,-103.1875,76.0000
40.4685,30.0000,-97.0860,-95.7626,-92.8822,-92.1394,-91.1875,-88.9140,-87.6250,-85.0110,-84.0016,-82.9013,-82.0000,1243.0000
40.4685,60.0000,-98.1250,-97.9506,-94.0788,-92.9375,-90.7656,-87.8750,-85.4203,-83.7333,-83.3512,-82.3830,-82.2580,580.0000
40.4685,90.0000,-100.6250,-98.6044,-97.4406,-96.8750,-94.2500,-92.2188,-88.1250,-84.2022,-83.7496,-83.0384,-82.6800,720.0000
40.4685,120.0000,-106.4375,-106.0275,-95.9437,-95.3875,-93.3438,-89.9375,-88.5000,-86.7468,-85.9754,-85.3313,-84.7270,679.0000
40.4686,0.0000,-121.4375,-120.7040,-119.7375,-118.1875,-116.3906,-113.8125,-110.9316,-107.5348,-106.3219,-103.7825,-102.6250,264.0000
40.4686,30.0000,-100.6410,-95.1337,-93.9052,-93.3105,-91.8630,-90.0000,-88.3181,-85.1875,-84.1374,-82.6069,-78.1875,2472.0000
40.4686,60.0000,-102.6875,-98.0000,-96.5531,-92.7938,-90.7656,-88.5507,-85.8260,-84.0571,-83.3750,-82.5523,-82.0780,784.0000
40.4686,90.0000,-105.4375,-104.5206,-100.3750,-99.8125,-95.7656,-91.3125,-87.5000,-84.2420,-83.4300,-82.2970,-82.1800,968.0000
40.4686,120.0000,-107.7500,-102.5463,-97.1875,-96.7500,-93.5000,-90.0625,-87.8790,-86.2688,-84.8510,-83.5700,-83.1880,427.0000
40.4687,0.0000,-121.6250,-120.4762,-119.7539,-118.5625,-115.9180,-112.3980,-109.0312,-107.1875,-106.0000,-105.1488,-104.8125,339.0000
40.4687,30.0000,-102.0390,-98.5400,-94.6030,-93.9315,-92.1330,-89.4375,-87.3280,-85.4328,-84.9375,-84.1330,-83.5625,909.0000
40.4687,60.0000,-98.9060,-95.7163,-93.4375,-92.6875,-91.1875,-89.2500,-87.4375,-84.3200,-83.4803,-81.3395,-80.0700,1355.0000
40.4687,90.0000,-102.7810,-100.2500,-99.1188,-98.3063,-94.4240,-91.7500,-86.7518,-83.6726,-83.1883,-82.8756,-82.7580,282.0000
40.4687,120.0000,-102.7500,-102.3450,-97.9875,-95.9125,-93.4375,-90.2500,-88.4375,-86.7330,-84.6262,-84.0713,-82.0470,325.0000
40.4688,0.0000,-138.2810,-123.1297,-119.1813,-117.6172,-114.7500,-111.8125,-109.2500,-107.1875,-106.3750,-103.8150,-98.5625,3803.0000
40.4688,90.0000,-97.1875,-97.1356,-96.7500,-94.9625,-90.8594,-89.4688,-86.6875,-85.4478,-85.3016,-84.7464,-83.5080,84.0000
40.4689,0.0000,-137.9300,-123.8409,-120.5000,-119.0625,-117.6250,-114.5040,-110.1819,-107.3750,-105.8926,-102.4681,-97.1875,3350.0000
40.4689,30.0000,-96.6250,-96.4525,-96.2375,-96.1125,-95.5000,-94.5625,-84.6250,-82.7000,-81.5625,-80.7450,-80.6875,93.0000
40.4689,60.0000,-93.2500,-92.8750,-92.6250,-92.3563,-91.7656,-90.3750,-89.5625,-88.1599,-84.2149,-80.7150,-80.2500,212.0000
40.4689,90.0000,-97.6875,-97.6875,-97.4938,-97.3375,-92.1875,-91.5312,-90.9688,-90.5000,-85.0071,-84.6345,-84.5000,42.0000
40.4689,120.0000,-100.3125,-100.0675,-99.1500,-98.7625,-97.9375,-96.8750,-89.0000,-85.6250,-84.6750,-84.0613,-84.0000,99.0000
40.4690,30.0000,-96.9220,-96.6143,-96.2369,-94.9967,-94.1370,-92.0000,-85.5665,-82.4125,-77.2500,-75.0837,-75.0000,235.0000
40.4690,60.0000,-94.2500,-93.7709,-92.2000,-91.4500,-89.5664,-88.7968,-81.5625,-80.8063,-80.3719,-79.1844,-78.5080,160.0000
40.4690,90.0000,-96.1875,-96.0469,-95.8281,-95.4688,-94.1875,-93.0625,-90.9219,-90.1875,-89.9375,-89.7500,-89.7500,76.0000
40.4690,120.0000,-101.7500,-100.2031,-92.8438,-91.0625,-90.7031,-89.3125,-88.6875,-87.6875,-87.0938,-83.9755,-80.5080,56.0000
